id,tag,role,label,line,handler,disabled,href,issue
"I0001","input","","Password per funzioni amministrative","340","direct","no","",""
"I0002","button","","<dinamico>","348","form-submit","conditional-or-yes","",""
"I0003","button","","`Tappa ${stageIndex + 1}: ${placeName}`","848","direct","no","",""
"I0004","a","","Apri percorso","937","no","no","directions.toString()",""
"I0005","button","","Chiudi avviso accesso","2308","direct","no","",""
"I0006","button","","<dinamico>","2326","direct","no","",""
"I0007","button","","Attività recenti","2340","direct","no","",""
"I0008","button","","`Apri elenco viaggiatori, ${people.length} persone`","2356","direct","no","",""
"I0009","button","","Apri la cartina di provenienza dei viaggiatori","2371","direct","no","",""
"I0010","button","","Chiudi notifiche","2384","direct","no","",""
"I0011","button","","Cancella tutte","2393","direct","no","",""
"I0012","button","","<dinamico>","2399","direct","no","",""
"I0013","button","","<dinamico>","2407","direct","no","",""
"I0014","button","","`Elimina notifica di ${item.author || ""Thailandia Insieme""}`","2418","direct","no","",""
"I0015","button","","Chiudi pannello personale","2449","direct","no","",""
"I0016","button","","Sei già tra i viaggiatori? Recupera il profilo senza duplicarlo","2472","direct","no","",""
"I0017","button","","<dinamico>","2489","no","conditional-or-yes","",""
"I0018","input","","Nome *","2499","direct","no","",""
"I0019","input","","Cognome","2504","direct","no","",""
"I0020","input","","Da dove vieni","2509","direct","no","",""
"I0021","input","","Contatto coordinatrice (telefono o email)","2515","direct","no","",""
"I0022","select","","<dinamico>","2526","direct","no","",""
"I0023","input","","<dinamico>","2531","direct","no","",""
"I0024","button","","<dinamico>","2540","direct","conditional-or-yes","",""
"I0025","button","","Hai già un profilo? Recuperalo senza registrarti di nuovo","2546","direct","no","",""
"I0026","button","","Condividi posizione","2558","direct","no","",""
"I0027","button","","Cancella posizione","2561","direct","no","",""
"I0028","button","","<dinamico>","2562","direct","no","",""
"I0029","button","","<dinamico>","2565","direct","no","",""
"I0030","input","","<dinamico>","2589","direct","no","",""
"I0031","button","","Vedi il gruppo","2604","direct","no","",""
"I0032","button","","<dinamico>","2629","direct","no","",""
"I0033","button","","Elimina","2652","direct","no","",""
"I0034","button","","Apri la mappa reale del viaggio","2668","direct","no","",""
"I0035","button","","Annulla","2685","direct","no","",""
"I0036","button","","Elimina dalla coda","2686","direct","no","",""
"I0037","button","","<dinamico>","2706","direct","no","",""
"I0038","button","","Giorno precedente","2741","direct","conditional-or-yes","",""
"I0039","button","","Giorno successivo","2754","direct","conditional-or-yes","",""
"I0040","a","","<dinamico>","2769","no","no","tel:1155",""
"I0041","a","","<dinamico>","2770","no","no","tel:1669",""
"I0042","a","","<dinamico>","2771","no","no","tel:+66818256103",""
"I0043","button","","`${todayTripIndex === index ? ""Oggi, "" : """"}Giorno ${index + 1}, ${day.date}, ${day.city}`","2780","direct","no","",""
"I0044","button","","<dinamico>","2828","direct","no","",""
"I0045","button","","`Scopri ${d.city}`","2892","direct","no","",""
"I0046","a","","Apri","2934","no","no","`https://www.google.com/maps/search/?api=1&query=${encodeURIComponent(d.hotel.address)}`",""
"I0047","button","","Vedi questa tappa sulla mappa","2983","direct","no","",""
"I0048","button","","Apri mappa completa","3002","direct","no","",""
"I0049","input","","<dinamico>","3013","direct","conditional-or-yes","",""
"I0050","button","","Percorso","3026","direct","no","",""
"I0051","button","","Aggiungi ricordo","3029","direct","no","",""
"I0052","button","","← Giorno precedente","3038","direct","conditional-or-yes","",""
"I0053","button","","Giorno successivo →","3044","direct","conditional-or-yes","",""
"I0054","button","","Chiudi informazioni città","3066","direct","no","",""
"I0055","button","","Accedi","3170","direct","no","",""
"I0056","button","","← Torna alla Bacheca","3240","direct","no","",""
"I0057","button","","Vedi tutto","3250","direct","no","",""
"I0058","button","","Copia collegamento della mappa","3251","direct","no","",""
"I0059","a","","Apri questo percorso in Google Maps","3254","no","no","googleMapsUrl",""
"I0060","button","","<dinamico>","3293","direct","no","",""
"I0061","button","","<dinamico>","3669","direct","no","",""
"I0062","input","","Inserisci il tuo nome una sola volta","3695","direct","no","",""
"I0063","button","","Salva","3700","direct","conditional-or-yes","",""
"I0064","input","","Luogo, persona, racconto…","3711","direct","no","",""
"I0065","button","","<dinamico>","3731","direct","no","",""
"I0066","button","","Chiudi","3774","direct","no","",""
"I0067","select","","<dinamico>","3783","direct","no","",""
"I0068","textarea","","Racconta questo momento…","3794","direct","no","",""
"I0069","input","","Link Spotify","3805","direct","no","",""
"I0070","select","","<dinamico>","3816","direct","no","",""
"I0071","input","","Aggiungi luogo (es. Bangkok)","3828","direct","no","",""
"I0072","button","","<dinamico>","3836","direct","conditional-or-yes","",""
"I0073","button","","Rimuovi","3840","direct","no","",""
"I0074","button","","<dinamico>","3852","direct","no","",""
"I0075","input","","<dinamico>","3877","direct","no","",""
"I0076","input","","<dinamico>","3889","direct","no","",""
"I0077","input","","<dinamico>","3907","direct","no","",""
"I0078","input","","<dinamico>","3919","direct","no","",""
"I0079","button","","<dinamico>","3929","direct","conditional-or-yes","",""
"I0080","button","","Crea il mio profilo","3972","direct","no","",""
"I0081","button","","Chiudi elenco viaggiatori","4006","direct","no","",""
"I0082","button","","Chiudi cartina di provenienza","4051","direct","no","",""
"I0083","button","","`Ruota 90 gradi ${file.name}`","4119","direct","conditional-or-yes","",""
"I0084","button","","`Ritaglia quadrato ${file.name}`","4125","direct","conditional-or-yes","",""
"I0085","input","","`Descrizione di ${file.name}`","4133","direct","no","",""
"I0086","button","","`Riduci dimensione ${file.name}`","4145","direct","conditional-or-yes","",""
"I0087","button","","`Rimuovi ${file.name}`","4153","direct","no","",""
"I0088","a","","Apri nel lettore PDF del telefono","4221","no","no","url",""
"I0089","button","","<dinamico>","4304","direct","no","",""
"I0090","button","","`Apri fotografia ${index + 1}`","4399","direct","no","",""
"I0091","button","","Chiudi foto","4442","direct","no","",""
"I0092","button","","playing ? ""Metti in pausa il racconto"" : ""Ascolta il racconto""","4510","direct","no","",""
"I0093","input","","Posizione del racconto audio","4518","direct","no","",""
"I0094","a","","<dinamico>","4894","no","no","`https://www.google.com/maps?q=${p.latitude},${p.longitude}`",""
"I0095","button","","Altre opzioni","4909","direct","no","",""
"I0096","button","","Elimina","4916","direct","no","",""
"I0097","a","","Apri in Spotify","4948","no","no","postContent.spotify.url",""
"I0098","button","","Mi piace","4952","direct","no","",""
"I0099","button","","Commenta","4955","direct","no","",""
"I0100","button","","Condividi","4961","direct","no","",""
"I0101","button","","saved ? ""Rimuovi dai salvati"" : ""Salva""","4967","direct","no","",""
"I0102","button","","Piace a","4978","direct","no","",""
"I0103","input","","Modifica commento","5005","direct","no","",""
"I0104","button","","Salva modifica commento","5010","direct","no","",""
"I0105","button","","Annulla modifica commento","5016","direct","no","",""
"I0106","button","","Rispondi","5027","direct","no","",""
"I0107","button","","`Copia collegamento del commento di ${x.author_name || ""Ospite""}`","5035","direct","no","",""
"I0108","button","","Modifica","5042","direct","no","",""
"I0109","button","","Elimina","5052","direct","no","",""
"I0110","button","","`${label} al commento di ${x.author_name || ""Ospite""}`","5066","direct","no","",""
"I0111","input","","Cerca nei commenti","5106","direct","no","",""
"I0112","button","","Cerca","5113","form-submit","conditional-or-yes","",""
"I0113","button","","Azzera","5115","direct","no","",""
"I0114","button","","<dinamico>","5123","direct","conditional-or-yes","",""
"I0115","button","","<dinamico>","5132","direct","no","",""
"I0116","button","","Annulla risposta","5148","direct","no","",""
"I0117","textarea","","author ? ""Scrivi un commento…"" : ""Inserisci il tuo nome sopra""","5152","direct","no","",""
"I0118","input","","<dinamico>","5167","direct","no","",""
"I0119","button","","Invia commento","5189","direct","conditional-or-yes","",""
"I0120","button","option","<dinamico>","5200","direct","no","",""
"I0121","button","","Annulla","5229","direct","no","",""
"I0122","button","","Elimina","5230","direct","no","",""
"I0123","button","","Annulla","5242","direct","no","",""
"I0124","button","","Elimina","5243","direct","no","",""
"I0125","button","","Annulla","5436","direct","no","",""
"I0126","input","","<dinamico>","5463","direct","no","",""
"I0127","input","","Nome *","5481","direct","no","",""
"I0128","input","","Cognome","5486","direct","no","",""
"I0129","input","","Età","5492","direct","no","",""
"I0130","input","","Lavoro","5497","direct","no","",""
"I0131","input","","Da dove vieni (es. Milano)","5503","direct","no","",""
"I0132","input","","Contatto (telefono o email)","5508","direct","no","",""
"I0133","textarea","","Raccontaci qualcosa di te…","5516","direct","no","",""
"I0134","select","","<dinamico>","5523","direct","no","",""
"I0135","button","","<dinamico>","5538","direct","conditional-or-yes","",""
"I0136","a","","Contatta la coordinatrice ·","5579","no","no","coordinatorContactHref(x.contact)",""
"I0137","button","","Modifica profilo","5589","direct","no","",""
"I0138","button","","Documenti e posizione","5612","direct","no","",""
"I0139","button","","Crea invito personale","5618","direct","no","",""
"I0140","button","","Copia link","5625","direct","no","",""
"I0141","button","","<dinamico>","5645","direct","conditional-or-yes","",""
"I0142","button","","PDF viaggio","5649","direct","no","",""
"I0143","button","","PDF diario","5652","direct","no","",""
"I0144","button","","← Torna alla bacheca","6091","direct","no","",""
"I0145","button","","Blocca","6103","direct","no","",""
"I0146","button","","<dinamico>","6116","direct","no","",""
"I0147","button","","Disconnetti tutti i dispositivi","6122","direct","no","",""
"I0148","input","","<dinamico>","6145","direct","no","",""
"I0149","button","","Richiedi proroga","6153","direct","no","",""
"I0150","button","","Viaggiatore","6162","direct","no","",""
"I0151","button","","Coordinatore","6169","direct","no","",""
"I0152","button","","I miei documenti","6178","direct","no","",""
"I0153","select","","<dinamico>","6185","direct","no","",""
"I0154","button","","Autorizza","6211","direct","no","",""
"I0155","button","","Rifiuta","6212","direct","no","",""
"I0156","button","","`${person.name}: ${label} presente, apri`","6273","direct","no","",""
"I0157","button","","Apri","6318","direct","no","",""
"I0158","button","","Scarica","6319","direct","no","",""
"I0159","input","","<dinamico>","6324","direct","no","",""
"I0160","button","","Elimina","6334","direct","no","",""
"I0161","input","","<dinamico>","6344","direct","no","",""
"I0162","input","","<dinamico>","6364","direct","no","",""
"I0163","button","","Apri","6374","direct","no","",""
"I0164","button","","Scarica","6375","direct","no","",""
"I0165","button","","Elimina","6376","direct","no","",""
"I0166","button","","Vai al Gruppo","6391","direct","no","",""
"I0167","button","","← Torna ai documenti","6401","direct","no","",""
"I0168","button","","Apri a schermo intero","6405","direct","no","",""
"I0169","a","","Scarica","6409","no","no","documentPreview.url",""
"I0170","button","","Chiudi documento","6410","direct","no","",""
"I0171","a","","Scarica il documento","6420","no","no","documentPreview.url",""
"I0172","button","","Annulla","6436","direct","no","",""
"I0173","button","","<dinamico>","6437","direct","no","",""
"I0174","button","","Annulla","6456","direct","no","",""
"I0175","button","","Elimina","6457","direct","no","",""
"I0176","button","","Aggiorna ora","6472","direct","conditional-or-yes","",""
"I0177","button","","<dinamico>","6477","direct","no","",""
"I0178","a","","Google Maps","6511","no","no","`https://www.google.com/maps/search/?api=1&query=${x.latitude},${x.longitude}`",""
"I0179","a","","Naviga","6518","no","no","`https://www.google.com/maps/dir/?api=1&destination=${x.latitude},${x.longitude}`",""
"I0180","button","","Cancella posizione","6526","direct","no","",""
"I0181","input","","Password","6572","direct","no","",""
"I0182","button","","Accedi","6579","direct","no","",""
"I0183","button","","Ricarica l’app","6609","direct","no","",""