"id","section","control","status","evidence","revision"
"U0001","1. ERRORE BLOCCANTE GIÀ RISCONTRATO","Stabilire in modo definitivo chi può pubblicare.","passed","Playwright mobile UI + HTTP 201 + production-smoke identity; preview 4bc152c6; 2026-08-04","1.31.0"
"U0002","1. ERRORE BLOCCANTE GIÀ RISCONTRATO","Se la password del gruppo deve permettere la pubblicazione, creare una sessione Ospite/Familiare valida e controllata.","pending","","1.31.0"
"U0003","1. ERRORE BLOCCANTE GIÀ RISCONTRATO","Se la pubblicazione richiede obbligatoriamente un profilo personale, non mostrare il compositore finché il dispositivo non è associato a un profilo.","passed","Playwright Galaxy S9+ reale: touch fisico, 14 giornate, persistenza, 14 ricollocazioni mappa, marker Delhi 1/8 e Ranakpur; pubblicazione HTTP 201 senza duplicati; preview 9913ac2c; 2026-08-04","1.31.0"
"U0004","1. ERRORE BLOCCANTE GIÀ RISCONTRATO","Non mostrare mai il pulsante “Pubblica” come utilizzabile se il server rifiuterà l’operazione.","passed","Playwright Galaxy S9+ reale: touch fisico, 14 giornate, persistenza, 14 ricollocazioni mappa, marker Delhi 1/8 e Ranakpur; pubblicazione HTTP 201 senza duplicati; preview 9913ac2c; 2026-08-04","1.31.0"
"U0005","1. ERRORE BLOCCANTE GIÀ RISCONTRATO","Non consentire alla password comune di impersonare un Viaggiatore esistente.","pending","","1.31.0"
"U0006","1. ERRORE BLOCCANTE GIÀ RISCONTRATO","Associare ogni pubblicazione a un’identità certa.","passed","Playwright mobile UI + HTTP 201 + production-smoke identity; preview 4bc152c6; 2026-08-04","1.31.0"
"U0007","1. ERRORE BLOCCANTE GIÀ RISCONTRATO","Mostrare un messaggio preciso: “Per pubblicare devi prima collegare questo dispositivo al tuo profilo”.","pending","","1.31.0"
"U0008","1. ERRORE BLOCCANTE GIÀ RISCONTRATO","Non mostrare un generico “Errore”.","pending","","1.31.0"
"U0009","1. ERRORE BLOCCANTE GIÀ RISCONTRATO","Inserire la password corretta.","pending","","1.31.0"
"U0010","1. ERRORE BLOCCANTE GIÀ RISCONTRATO","Aprire Pubblica.","passed","Playwright mobile UI + HTTP 201 + production-smoke identity; preview 4bc152c6; 2026-08-04","1.31.0"
"U0011","1. ERRORE BLOCCANTE GIÀ RISCONTRATO","Pubblicare solo testo.","passed","Playwright mobile UI + HTTP 201 + production-smoke identity; preview 4bc152c6; 2026-08-04","1.31.0"
"U0012","1. ERRORE BLOCCANTE GIÀ RISCONTRATO","Pubblicare una fotografia.","pending","","1.31.0"
"U0013","1. ERRORE BLOCCANTE GIÀ RISCONTRATO","Pubblicare un video.","pending","","1.31.0"
"U0014","1. ERRORE BLOCCANTE GIÀ RISCONTRATO","Pubblicare un audio.","pending","","1.31.0"
"U0015","1. ERRORE BLOCCANTE GIÀ RISCONTRATO","Pubblicare dieci allegati.","pending","","1.31.0"
"U0016","1. ERRORE BLOCCANTE GIÀ RISCONTRATO","Verificare risposta HTTP 201.","passed","Playwright mobile UI + HTTP 201 + production-smoke identity; preview 4bc152c6; 2026-08-04","1.31.0"
"U0017","1. ERRORE BLOCCANTE GIÀ RISCONTRATO","Verificare inserimento nel database.","pending","","1.31.0"
"U0018","1. ERRORE BLOCCANTE GIÀ RISCONTRATO","Verificare autore corretto.","pending","","1.31.0"
"U0019","1. ERRORE BLOCCANTE GIÀ RISCONTRATO","Verificare profile_id o guest_id corretto.","pending","","1.31.0"
"U0020","1. ERRORE BLOCCANTE GIÀ RISCONTRATO","Verificare comparsa immediata nel feed.","passed","Playwright mobile UI + HTTP 201 + production-smoke identity; preview 4bc152c6; 2026-08-04","1.31.0"
"U0021","1. ERRORE BLOCCANTE GIÀ RISCONTRATO","Verificare comparsa sul secondo telefono.","pending","","1.31.0"
"U0022","1. ERRORE BLOCCANTE GIÀ RISCONTRATO","Verificare ricezione della notifica.","pending","","1.31.0"
"U0023","1. ERRORE BLOCCANTE GIÀ RISCONTRATO","Verificare assenza di duplicazioni.","pending","","1.31.0"
"U0024","2. RUOLI DA COLLAUDARE SEPARATAMENTE","deve ricevere una sessione Ospite sicura;","pending","","1.31.0"
"U0025","2. RUOLI DA COLLAUDARE SEPARATAMENTE","deve avere un nome verificabile;","pending","","1.31.0"
"U0026","2. RUOLI DA COLLAUDARE SEPARATAMENTE","non deve poter scegliere il profilo di un Viaggiatore;","pending","","1.31.0"
"U0027","2. RUOLI DA COLLAUDARE SEPARATAMENTE","non deve vedere documenti;","pending","","1.31.0"
"U0028","2. RUOLI DA COLLAUDARE SEPARATAMENTE","non deve vedere posizioni, salvo autorizzazione esplicita;","pending","","1.31.0"
"U0029","2. RUOLI DA COLLAUDARE SEPARATAMENTE","non deve accedere alle funzioni del Coordinatore.","pending","","1.31.0"
"U0030","3. MODALITÀ DI ESECUZIONE DI OGNI TEST","SUPERATO","pending","","1.31.0"
"U0031","3. MODALITÀ DI ESECUZIONE DI OGNI TEST","NON SUPERATO","pending","","1.31.0"
"U0032","3. MODALITÀ DI ESECUZIONE DI OGNI TEST","PARZIALE","pending","","1.31.0"
"U0033","3. MODALITÀ DI ESECUZIONE DI OGNI TEST","BLOCCATO","pending","","1.31.0"
"U0034","3. MODALITÀ DI ESECUZIONE DI OGNI TEST","Screenshot","pending","","1.31.0"
"U0035","3. MODALITÀ DI ESECUZIONE DI OGNI TEST","Video","pending","","1.31.0"
"U0036","3. MODALITÀ DI ESECUZIONE DI OGNI TEST","Log browser","pending","","1.31.0"
"U0037","3. MODALITÀ DI ESECUZIONE DI OGNI TEST","Log Cloudflare","pending","","1.31.0"
"U0038","3. MODALITÀ DI ESECUZIONE DI OGNI TEST","Controllo database","pending","","1.31.0"
"U0039","4. CONTROLLO DELLA BARRA SUPERIORE","Toccare il pulsante Accesso.","pending","","1.31.0"
"U0040","4. CONTROLLO DELLA BARRA SUPERIORE","Verificare apertura del pannello.","pending","","1.31.0"
"U0041","4. CONTROLLO DELLA BARRA SUPERIORE","Inserire password corretta.","pending","","1.31.0"
"U0042","4. CONTROLLO DELLA BARRA SUPERIORE","Verificare messaggio di accesso riuscito.","pending","","1.31.0"
"U0043","4. CONTROLLO DELLA BARRA SUPERIORE","Inserire password errata.","pending","","1.31.0"
"U0044","4. CONTROLLO DELLA BARRA SUPERIORE","Verificare messaggio preciso.","pending","","1.31.0"
"U0045","4. CONTROLLO DELLA BARRA SUPERIORE","Premere Invio dalla tastiera.","pending","","1.31.0"
"U0046","4. CONTROLLO DELLA BARRA SUPERIORE","Verificare esecuzione dell’accesso.","pending","","1.31.0"
"U0047","4. CONTROLLO DELLA BARRA SUPERIORE","Inserire spazi prima e dopo la password.","pending","","1.31.0"
"U0048","4. CONTROLLO DELLA BARRA SUPERIORE","Verificare comportamento previsto.","pending","","1.31.0"
"U0049","4. CONTROLLO DELLA BARRA SUPERIORE","Chiudere e riaprire il pannello.","pending","","1.31.0"
"U0050","4. CONTROLLO DELLA BARRA SUPERIORE","Verificare mantenimento dello stato.","pending","","1.31.0"
"U0051","4. CONTROLLO DELLA BARRA SUPERIORE","Chiudere e riaprire l’app.","passed","Playwright mobile UI + HTTP 201 + production-smoke identity; preview 4bc152c6; 2026-08-04","1.31.0"
"U0052","4. CONTROLLO DELLA BARRA SUPERIORE","Verificare mantenimento dell’accesso, se previsto.","pending","","1.31.0"
"U0053","4. CONTROLLO DELLA BARRA SUPERIORE","Eseguire logout.","pending","","1.31.0"
"U0054","4. CONTROLLO DELLA BARRA SUPERIORE","Verificare rimozione dell’accesso.","pending","","1.31.0"
"U0055","4. CONTROLLO DELLA BARRA SUPERIORE","Verificare che il vecchio token non funzioni più.","pending","","1.31.0"
"U0056","4. CONTROLLO DELLA BARRA SUPERIORE","Aprire il pannello notifiche.","pending","","1.31.0"
"U0057","4. CONTROLLO DELLA BARRA SUPERIORE","Verificare contenuti recenti.","pending","","1.31.0"
"U0058","4. CONTROLLO DELLA BARRA SUPERIORE","Verificare numero di non letti.","pending","","1.31.0"
"U0059","4. CONTROLLO DELLA BARRA SUPERIORE","Chiudere il pannello.","pending","","1.31.0"
"U0060","4. CONTROLLO DELLA BARRA SUPERIORE","Riaprire il pannello.","pending","","1.31.0"
"U0061","4. CONTROLLO DELLA BARRA SUPERIORE","Verificare stato letto/non letto.","pending","","1.31.0"
"U0062","4. CONTROLLO DELLA BARRA SUPERIORE","Attivare notifiche.","pending","","1.31.0"
"U0063","4. CONTROLLO DELLA BARRA SUPERIORE","Negare notifiche.","pending","","1.31.0"
"U0064","4. CONTROLLO DELLA BARRA SUPERIORE","Riprovare dopo autorizzazione dalle impostazioni.","pending","","1.31.0"
"U0065","4. CONTROLLO DELLA BARRA SUPERIORE","Aprire una notifica.","pending","","1.31.0"
"U0066","4. CONTROLLO DELLA BARRA SUPERIORE","Verificare apertura del contenuto preciso.","pending","","1.31.0"
"U0067","4. CONTROLLO DELLA BARRA SUPERIORE","Aprire il pannello personale.","pending","","1.31.0"
"U0068","4. CONTROLLO DELLA BARRA SUPERIORE","Verificare identità mostrata.","pending","","1.31.0"
"U0069","4. CONTROLLO DELLA BARRA SUPERIORE","Verificare ruolo mostrato.","pending","","1.31.0"
"U0070","4. CONTROLLO DELLA BARRA SUPERIORE","Aprire il proprio profilo.","pending","","1.31.0"
"U0071","4. CONTROLLO DELLA BARRA SUPERIORE","Aprire documenti.","pending","","1.31.0"
"U0072","4. CONTROLLO DELLA BARRA SUPERIORE","Aprire la griglia del Coordinatore, se autorizzato.","pending","","1.31.0"
"U0073","4. CONTROLLO DELLA BARRA SUPERIORE","Condividere la posizione.","pending","","1.31.0"
"U0074","4. CONTROLLO DELLA BARRA SUPERIORE","Cancellare la posizione.","pending","","1.31.0"
"U0075","4. CONTROLLO DELLA BARRA SUPERIORE","Eseguire logout.","pending","","1.31.0"
"U0076","4. CONTROLLO DELLA BARRA SUPERIORE","Verificare che ogni comando appartenga al profilo corretto.","pending","","1.31.0"
"U0077","5. CONTROLLO DELLA BARRA INFERIORE","Bacheca.","passed","Playwright Galaxy S9+ reale: touch fisico, 14 giornate, persistenza, 14 ricollocazioni mappa, marker Delhi 1/8 e Ranakpur; pubblicazione HTTP 201 senza duplicati; preview 9913ac2c; 2026-08-04","1.31.0"
"U0078","5. CONTROLLO DELLA BARRA INFERIORE","Viaggio.","passed","Playwright Galaxy S9+ reale: touch fisico, 14 giornate, persistenza, 14 ricollocazioni mappa, marker Delhi 1/8 e Ranakpur; pubblicazione HTTP 201 senza duplicati; preview 9913ac2c; 2026-08-04","1.31.0"
"U0079","5. CONTROLLO DELLA BARRA INFERIORE","Pubblica.","passed","Playwright mobile UI + HTTP 201 + production-smoke identity; preview 4bc152c6; 2026-08-04","1.31.0"
"U0080","5. CONTROLLO DELLA BARRA INFERIORE","Mappa.","passed","Playwright Galaxy S9+ reale: touch fisico, 14 giornate, persistenza, 14 ricollocazioni mappa, marker Delhi 1/8 e Ranakpur; pubblicazione HTTP 201 senza duplicati; preview 9913ac2c; 2026-08-04","1.31.0"
"U0081","5. CONTROLLO DELLA BARRA INFERIORE","Gruppo.","passed","Playwright Galaxy S9+ reale: touch fisico, 14 giornate, persistenza, 14 ricollocazioni mappa, marker Delhi 1/8 e Ranakpur; pubblicazione HTTP 201 senza duplicati; preview 9913ac2c; 2026-08-04","1.31.0"
"U0082","5. CONTROLLO DELLA BARRA INFERIORE","toccare una volta;","passed","Playwright Galaxy S9+ reale: touch fisico, 14 giornate, persistenza, 14 ricollocazioni mappa, marker Delhi 1/8 e Ranakpur; pubblicazione HTTP 201 senza duplicati; preview 9913ac2c; 2026-08-04","1.31.0"
"U0083","5. CONTROLLO DELLA BARRA INFERIORE","toccare rapidamente due volte;","pending","","1.31.0"
"U0084","5. CONTROLLO DELLA BARRA INFERIORE","toccare durante un caricamento;","pending","","1.31.0"
"U0085","5. CONTROLLO DELLA BARRA INFERIORE","toccare con rete lenta;","pending","","1.31.0"
"U0086","5. CONTROLLO DELLA BARRA INFERIORE","toccare senza rete;","pending","","1.31.0"
"U0087","5. CONTROLLO DELLA BARRA INFERIORE","verificare schermata corretta;","passed","Playwright Galaxy S9+ reale: touch fisico, 14 giornate, persistenza, 14 ricollocazioni mappa, marker Delhi 1/8 e Ranakpur; pubblicazione HTTP 201 senza duplicati; preview 9913ac2c; 2026-08-04","1.31.0"
"U0088","5. CONTROLLO DELLA BARRA INFERIORE","verificare evidenziazione del pulsante attivo;","passed","Playwright Galaxy S9+ reale: touch fisico, 14 giornate, persistenza, 14 ricollocazioni mappa, marker Delhi 1/8 e Ranakpur; pubblicazione HTTP 201 senza duplicati; preview 9913ac2c; 2026-08-04","1.31.0"
"U0089","5. CONTROLLO DELLA BARRA INFERIORE","verificare assenza di schermata bianca;","passed","Playwright Galaxy S9+ reale: touch fisico, 14 giornate, persistenza, 14 ricollocazioni mappa, marker Delhi 1/8 e Ranakpur; pubblicazione HTTP 201 senza duplicati; preview 9913ac2c; 2026-08-04","1.31.0"
"U0090","5. CONTROLLO DELLA BARRA INFERIORE","verificare assenza di sovrapposizioni;","passed","Playwright Galaxy S9+ reale: touch fisico, 14 giornate, persistenza, 14 ricollocazioni mappa, marker Delhi 1/8 e Ranakpur; pubblicazione HTTP 201 senza duplicati; preview 9913ac2c; 2026-08-04","1.31.0"
"U0091","5. CONTROLLO DELLA BARRA INFERIORE","verificare mantenimento dello stato tornando indietro;","pending","","1.31.0"
"U0092","5. CONTROLLO DELLA BARRA INFERIORE","verificare che il tasto Indietro del telefono non chiuda l’app inaspettatamente.","pending","","1.31.0"
"U0093","6. TEST DEL PULSANTE BACHECA","Aprire la Bacheca senza password.","pending","","1.31.0"
"U0094","6. TEST DEL PULSANTE BACHECA","Verificare soltanto contenuti pubblici.","pending","","1.31.0"
"U0095","6. TEST DEL PULSANTE BACHECA","Aprire la Bacheca con password.","pending","","1.31.0"
"U0096","6. TEST DEL PULSANTE BACHECA","Verificare contenuti autorizzati.","pending","","1.31.0"
"U0097","6. TEST DEL PULSANTE BACHECA","Aprire la Bacheca come Viaggiatore.","pending","","1.31.0"
"U0098","6. TEST DEL PULSANTE BACHECA","Aprire la Bacheca come Coordinatore.","pending","","1.31.0"
"U0099","6. TEST DEL PULSANTE BACHECA","Verificare ordinamento cronologico.","pending","","1.31.0"
"U0100","6. TEST DEL PULSANTE BACHECA","Verificare autore.","pending","","1.31.0"
"U0101","6. TEST DEL PULSANTE BACHECA","Verificare data e ora.","pending","","1.31.0"
"U0102","6. TEST DEL PULSANTE BACHECA","Verificare giornata associata.","pending","","1.31.0"
"U0103","6. TEST DEL PULSANTE BACHECA","Verificare luogo.","pending","","1.31.0"
"U0104","6. TEST DEL PULSANTE BACHECA","Verificare fotografie.","pending","","1.31.0"
"U0105","6. TEST DEL PULSANTE BACHECA","Verificare video.","pending","","1.31.0"
"U0106","6. TEST DEL PULSANTE BACHECA","Verificare audio.","pending","","1.31.0"
"U0107","6. TEST DEL PULSANTE BACHECA","Verificare carosello.","pending","","1.31.0"
"U0108","6. TEST DEL PULSANTE BACHECA","Verificare testo lungo.","pending","","1.31.0"
"U0109","6. TEST DEL PULSANTE BACHECA","Verificare aggiornamento automatico.","pending","","1.31.0"
"U0110","6. TEST DEL PULSANTE BACHECA","Verificare che l’aggiornamento non sposti la lettura.","pending","","1.31.0"
"U0111","6. TEST DEL PULSANTE BACHECA","Verificare che l’aggiornamento non chiuda i commenti.","pending","","1.31.0"
"U0112","6. TEST DEL PULSANTE BACHECA","Verificare che l’aggiornamento non chiuda la tastiera.","pending","","1.31.0"
"U0113","7. FILTRI DELLA BACHECA","Tutti.","pending","","1.31.0"
"U0114","7. FILTRI DELLA BACHECA","Prima del viaggio.","pending","","1.31.0"
"U0115","7. FILTRI DELLA BACHECA","Oggi.","pending","","1.31.0"
"U0116","7. FILTRI DELLA BACHECA","Testo.","pending","","1.31.0"
"U0117","7. FILTRI DELLA BACHECA","Fotografie.","pending","","1.31.0"
"U0118","7. FILTRI DELLA BACHECA","Video.","pending","","1.31.0"
"U0119","7. FILTRI DELLA BACHECA","Audio.","pending","","1.31.0"
"U0120","7. FILTRI DELLA BACHECA","Contenuti misti.","pending","","1.31.0"
"U0121","7. FILTRI DELLA BACHECA","verificare contenuti corretti;","pending","","1.31.0"
"U0122","7. FILTRI DELLA BACHECA","verificare nessun contenuto errato;","pending","","1.31.0"
"U0123","7. FILTRI DELLA BACHECA","pubblicare un nuovo contenuto durante il filtro;","pending","","1.31.0"
"U0124","7. FILTRI DELLA BACHECA","verificare se deve comparire;","pending","","1.31.0"
"U0125","7. FILTRI DELLA BACHECA","uscire dalla Bacheca;","pending","","1.31.0"
"U0126","7. FILTRI DELLA BACHECA","tornare alla Bacheca;","pending","","1.31.0"
"U0127","7. FILTRI DELLA BACHECA","verificare mantenimento del filtro;","pending","","1.31.0"
"U0128","7. FILTRI DELLA BACHECA","ricaricare la pagina;","pending","","1.31.0"
"U0129","7. FILTRI DELLA BACHECA","verificare comportamento previsto;","pending","","1.31.0"
"U0130","7. FILTRI DELLA BACHECA","verificare messaggio quando non esistono risultati.","pending","","1.31.0"
"U0131","8. TEST DEL PULSANTE PUBBLICA","Toccare Pubblica.","passed","Playwright mobile UI + HTTP 201 + production-smoke identity; preview 4bc152c6; 2026-08-04","1.31.0"
"U0132","8. TEST DEL PULSANTE PUBBLICA","Verificare apertura del compositore.","pending","","1.31.0"
"U0133","8. TEST DEL PULSANTE PUBBLICA","Verificare autore corretto.","pending","","1.31.0"
"U0134","8. TEST DEL PULSANTE PUBBLICA","Verificare giornata corretta.","pending","","1.31.0"
"U0135","8. TEST DEL PULSANTE PUBBLICA","Verificare pulsante Chiudi/Annulla.","pending","","1.31.0"
"U0136","8. TEST DEL PULSANTE PUBBLICA","Chiudere senza contenuti.","pending","","1.31.0"
"U0137","8. TEST DEL PULSANTE PUBBLICA","Scrivere testo e chiudere.","pending","","1.31.0"
"U0138","8. TEST DEL PULSANTE PUBBLICA","Verificare conservazione della bozza.","passed","Playwright Galaxy S9+ reale: touch fisico, 14 giornate, persistenza, 14 ricollocazioni mappa, marker Delhi 1/8 e Ranakpur; pubblicazione HTTP 201 senza duplicati; preview 9913ac2c; 2026-08-04","1.31.0"
"U0139","8. TEST DEL PULSANTE PUBBLICA","Selezionare allegati e chiudere.","pending","","1.31.0"
"U0140","8. TEST DEL PULSANTE PUBBLICA","Verificare conservazione degli allegati.","pending","","1.31.0"
"U0141","8. TEST DEL PULSANTE PUBBLICA","Solo testo.","passed","Playwright mobile UI + HTTP 201 + production-smoke identity; preview 4bc152c6; 2026-08-04","1.31.0"
"U0142","8. TEST DEL PULSANTE PUBBLICA","Solo fotografia.","pending","","1.31.0"
"U0143","8. TEST DEL PULSANTE PUBBLICA","Solo video.","pending","","1.31.0"
"U0144","8. TEST DEL PULSANTE PUBBLICA","Solo audio.","pending","","1.31.0"
"U0145","8. TEST DEL PULSANTE PUBBLICA","Testo e fotografia.","pending","","1.31.0"
"U0146","8. TEST DEL PULSANTE PUBBLICA","Testo e video.","pending","","1.31.0"
"U0147","8. TEST DEL PULSANTE PUBBLICA","Testo e audio.","pending","","1.31.0"
"U0148","8. TEST DEL PULSANTE PUBBLICA","Fotografie e video.","pending","","1.31.0"
"U0149","8. TEST DEL PULSANTE PUBBLICA","Fotografie, video e audio.","pending","","1.31.0"
"U0150","8. TEST DEL PULSANTE PUBBLICA","Dieci allegati.","pending","","1.31.0"
"U0151","8. TEST DEL PULSANTE PUBBLICA","Undici allegati.","pending","","1.31.0"
"U0152","8. TEST DEL PULSANTE PUBBLICA","File oltre il limite.","pending","","1.31.0"
"U0153","8. TEST DEL PULSANTE PUBBLICA","Testo molto lungo.","pending","","1.31.0"
"U0154","8. TEST DEL PULSANTE PUBBLICA","Emoji.","pending","","1.31.0"
"U0155","8. TEST DEL PULSANTE PUBBLICA","Testo in hindi.","pending","","1.31.0"
"U0156","8. TEST DEL PULSANTE PUBBLICA","Nessun contenuto.","pending","","1.31.0"
"U0157","8. TEST DEL PULSANTE PUBBLICA","Pulsante Pubblica disabilitato se non esiste alcun contenuto.","passed","Playwright mobile: loading held, disabled state, duplicate click, HTTP 201, confirmation; preview 9393a1aa","1.31.0"
"U0158","8. TEST DEL PULSANTE PUBBLICA","Pulsante Pubblica disabilitato durante l’invio.","passed","Playwright mobile: loading held, disabled state, duplicate click, HTTP 201, confirmation; preview 9393a1aa","1.31.0"
"U0159","8. TEST DEL PULSANTE PUBBLICA","Un doppio tocco non crea due post.","passed","Playwright mobile: loading held, disabled state, duplicate click, HTTP 201, confirmation; preview 9393a1aa","1.31.0"
"U0160","8. TEST DEL PULSANTE PUBBLICA","Messaggio “Pubblicazione in corso”.","passed","Playwright mobile: loading held, disabled state, duplicate click, HTTP 201, confirmation; preview 9393a1aa","1.31.0"
"U0161","8. TEST DEL PULSANTE PUBBLICA","Messaggio “Pubblicazione riuscita”.","passed","Playwright mobile: loading held, disabled state, duplicate click, HTTP 201, confirmation; preview 9393a1aa","1.31.0"
"U0162","8. TEST DEL PULSANTE PUBBLICA","Chiusura del compositore soltanto dopo conferma del server.","passed","Playwright mobile: loading held, disabled state, duplicate click, HTTP 201, confirmation; preview 9393a1aa","1.31.0"
"U0163","8. TEST DEL PULSANTE PUBBLICA","Comparsa del post nel feed.","passed","Playwright mobile: loading held, disabled state, duplicate click, HTTP 201, confirmation; preview 9393a1aa","1.31.0"
"U0164","8. TEST DEL PULSANTE PUBBLICA","Aggiornamento sul secondo telefono.","pending","","1.31.0"
"U0165","8. TEST DEL PULSANTE PUBBLICA","Invio della notifica agli utenti autorizzati.","pending","","1.31.0"
"U0166","8. TEST DEL PULSANTE PUBBLICA","Cancellazione della bozza soltanto dopo pubblicazione riuscita.","pending","","1.31.0"
"U0167","9. CONTROLLO DEL CAMPO AUTORE","L’autore deve derivare dalla sessione personale.","passed","Playwright mobile UI + HTTP 201 + production-smoke identity; preview 4bc152c6; 2026-08-04","1.31.0"
"U0168","9. CONTROLLO DEL CAMPO AUTORE","Il Viaggiatore non deve poter scrivere il nome di un’altra persona.","pending","","1.31.0"
"U0169","9. CONTROLLO DEL CAMPO AUTORE","Il Familiare deve avere un’identità Ospite controllata.","passed","Playwright Galaxy S9+ su tre contesti: viaggiatore, familiare e pubblico; identità ospite server, like aggiunto/rimosso, commento creato/modificato/eliminato, sync automatica e comandi proprietà; preview c9d82d89; 2026-08-04","1.31.0"
"U0170","9. CONTROLLO DEL CAMPO AUTORE","Il Coordinatore non deve pubblicare accidentalmente come altro profilo.","pending","","1.31.0"
"U0171","9. CONTROLLO DEL CAMPO AUTORE","Modificare localStorage con il nome di un altro Viaggiatore.","pending","","1.31.0"
"U0172","9. CONTROLLO DEL CAMPO AUTORE","Verificare che il server utilizzi l’identità della sessione.","passed","Playwright mobile UI + HTTP 201 + production-smoke identity; preview 4bc152c6; 2026-08-04","1.31.0"
"U0173","9. CONTROLLO DEL CAMPO AUTORE","Modificare profile_id nella richiesta.","pending","","1.31.0"
"U0174","9. CONTROLLO DEL CAMPO AUTORE","Verificare che il server lo ignori o lo rifiuti.","pending","","1.31.0"
"U0175","9. CONTROLLO DEL CAMPO AUTORE","Controllare author_name e profile_id nel database.","pending","","1.31.0"
"U0176","10. CONTROLLO DELLA GIORNATA DEL POST","Selezionare ogni giornata dal 10 al 23 agosto.","pending","","1.31.0"
"U0177","10. CONTROLLO DELLA GIORNATA DEL POST","Pubblicare un post per ogni giornata.","pending","","1.31.0"
"U0178","10. CONTROLLO DELLA GIORNATA DEL POST","Verificare day_index nel database.","pending","","1.31.0"
"U0179","10. CONTROLLO DELLA GIORNATA DEL POST","Verificare filtro della giornata.","pending","","1.31.0"
"U0180","10. CONTROLLO DELLA GIORNATA DEL POST","Verificare che il post non compaia nel giorno sbagliato.","pending","","1.31.0"
"U0181","10. CONTROLLO DELLA GIORNATA DEL POST","Aprire “Aggiungi ricordo” direttamente dall’itinerario.","pending","","1.31.0"
"U0182","10. CONTROLLO DELLA GIORNATA DEL POST","Verificare giornata già selezionata.","pending","","1.31.0"
"U0183","10. CONTROLLO DELLA GIORNATA DEL POST","Tornare indietro.","pending","","1.31.0"
"U0184","10. CONTROLLO DELLA GIORNATA DEL POST","Verificare mantenimento della giornata.","pending","","1.31.0"
"U0185","10. CONTROLLO DELLA GIORNATA DEL POST","Provare una data precedente al viaggio.","pending","","1.31.0"
"U0186","10. CONTROLLO DELLA GIORNATA DEL POST","Provare una data successiva al viaggio.","pending","","1.31.0"
"U0187","11. PULSANTI FOTOCAMERA E GALLERIA","Aprire la fotocamera.","pending","","1.31.0"
"U0188","11. PULSANTI FOTOCAMERA E GALLERIA","Autorizzare il permesso.","pending","","1.31.0"
"U0189","11. PULSANTI FOTOCAMERA E GALLERIA","Negare il permesso.","pending","","1.31.0"
"U0190","11. PULSANTI FOTOCAMERA E GALLERIA","Scattare una fotografia.","pending","","1.31.0"
"U0191","11. PULSANTI FOTOCAMERA E GALLERIA","Annullare lo scatto.","pending","","1.31.0"
"U0192","11. PULSANTI FOTOCAMERA E GALLERIA","Ripetere lo scatto.","pending","","1.31.0"
"U0193","11. PULSANTI FOTOCAMERA E GALLERIA","Verificare anteprima.","passed","Playwright mobile: anteprima separata di foto, video WebM con audio e WAV; preview b4f2cf13; 2026-08-04","1.31.0"
"U0194","11. PULSANTI FOTOCAMERA E GALLERIA","Aprire la galleria.","pending","","1.31.0"
"U0195","11. PULSANTI FOTOCAMERA E GALLERIA","Selezionare una fotografia.","passed","Playwright mobile: JPEG reale selezionato e pubblicato; preview b4f2cf13; 2026-08-04","1.31.0"
"U0196","11. PULSANTI FOTOCAMERA E GALLERIA","Selezionare più fotografie.","passed","Playwright mobile: selezione simultanea di 10 JPEG e conteggio esatto; preview b4f2cf13; 2026-08-04","1.31.0"
"U0197","11. PULSANTI FOTOCAMERA E GALLERIA","Selezionare HEIC.","pending","","1.31.0"
"U0198","11. PULSANTI FOTOCAMERA E GALLERIA","Selezionare HEIF.","pending","","1.31.0"
"U0199","11. PULSANTI FOTOCAMERA E GALLERIA","Selezionare PNG.","pending","","1.31.0"
"U0200","11. PULSANTI FOTOCAMERA E GALLERIA","Selezionare un video MOV.","pending","","1.31.0"
"U0201","11. PULSANTI FOTOCAMERA E GALLERIA","Selezionare un video MP4.","pending","","1.31.0"
"U0202","11. PULSANTI FOTOCAMERA E GALLERIA","Selezionare un file non supportato.","pending","","1.31.0"
"U0203","11. PULSANTI FOTOCAMERA E GALLERIA","Verificare messaggio preciso.","pending","","1.31.0"
"U0204","11. PULSANTI FOTOCAMERA E GALLERIA","Verificare nome file.","pending","","1.31.0"
"U0205","11. PULSANTI FOTOCAMERA E GALLERIA","Verificare dimensione.","pending","","1.31.0"
"U0206","11. PULSANTI FOTOCAMERA E GALLERIA","Verificare tipo.","pending","","1.31.0"
"U0207","11. PULSANTI FOTOCAMERA E GALLERIA","Riprodurre video.","pending","","1.31.0"
"U0208","11. PULSANTI FOTOCAMERA E GALLERIA","Aprire fotografia.","pending","","1.31.0"
"U0209","11. PULSANTI FOTOCAMERA E GALLERIA","Rimuovere un allegato.","pending","","1.31.0"
"U0210","11. PULSANTI FOTOCAMERA E GALLERIA","Rimuovere il primo.","pending","","1.31.0"
"U0211","11. PULSANTI FOTOCAMERA E GALLERIA","Rimuovere l’ultimo.","pending","","1.31.0"
"U0212","11. PULSANTI FOTOCAMERA E GALLERIA","Aggiungere nuovamente un file rimosso.","pending","","1.31.0"
"U0213","11. PULSANTI FOTOCAMERA E GALLERIA","Verificare conteggio corretto.","passed","Playwright mobile: 3 allegati e limite esatto di 10; undicesimo rifiutato senza perdere i primi 10; preview b4f2cf13; 2026-08-04","1.31.0"
"U0214","12. PULSANTE REGISTRA AUDIO","Aprire il registratore.","pending","","1.31.0"
"U0215","12. PULSANTE REGISTRA AUDIO","Autorizzare il microfono.","pending","","1.31.0"
"U0216","12. PULSANTE REGISTRA AUDIO","Negare il microfono.","pending","","1.31.0"
"U0217","12. PULSANTE REGISTRA AUDIO","Avviare la registrazione.","pending","","1.31.0"
"U0218","12. PULSANTE REGISTRA AUDIO","Mettere in pausa.","pending","","1.31.0"
"U0219","12. PULSANTE REGISTRA AUDIO","Riprendere.","pending","","1.31.0"
"U0220","12. PULSANTE REGISTRA AUDIO","Interrompere.","pending","","1.31.0"
"U0221","12. PULSANTE REGISTRA AUDIO","Riascoltare.","pending","","1.31.0"
"U0222","12. PULSANTE REGISTRA AUDIO","Eliminare.","pending","","1.31.0"
"U0223","12. PULSANTE REGISTRA AUDIO","Registrare nuovamente.","pending","","1.31.0"
"U0224","12. PULSANTE REGISTRA AUDIO","Aggiungere l’audio al post.","passed","Playwright mobile: WAV valido aggiunto insieme a foto e video; preview b4f2cf13; 2026-08-04","1.31.0"
"U0225","12. PULSANTE REGISTRA AUDIO","Pubblicare.","passed","Playwright mobile: pubblicazione multimediale confermata dal server con HTTP 201; preview b4f2cf13; 2026-08-04","1.31.0"
"U0226","12. PULSANTE REGISTRA AUDIO","Verificare riproduzione nel feed.","passed","Playwright mobile: player audio visibile e metadati decodificati con durata maggiore di zero; preview b4f2cf13; 2026-08-04","1.31.0"
"U0227","12. PULSANTE REGISTRA AUDIO","Verificare riproduzione sul secondo telefono.","pending","","1.31.0"
"U0228","12. PULSANTE REGISTRA AUDIO","Verificare formato iPhone.","pending","","1.31.0"
"U0229","12. PULSANTE REGISTRA AUDIO","Verificare formato Android.","pending","","1.31.0"
"U0230","12. PULSANTE REGISTRA AUDIO","Ricevere una telefonata durante la registrazione.","pending","","1.31.0"
"U0231","12. PULSANTE REGISTRA AUDIO","Bloccare lo schermo.","pending","","1.31.0"
"U0232","12. PULSANTE REGISTRA AUDIO","Cambiare applicazione.","pending","","1.31.0"
"U0233","12. PULSANTE REGISTRA AUDIO","Verificare recupero corretto.","pending","","1.31.0"
"U0234","13. PULSANTI DELLA POSIZIONE NEL POST","Toccare “Usa posizione attuale”.","pending","","1.31.0"
"U0235","13. PULSANTI DELLA POSIZIONE NEL POST","Autorizzare GPS.","pending","","1.31.0"
"U0236","13. PULSANTI DELLA POSIZIONE NEL POST","Negare GPS.","pending","","1.31.0"
"U0237","13. PULSANTI DELLA POSIZIONE NEL POST","Verificare coordinate.","pending","","1.31.0"
"U0238","13. PULSANTI DELLA POSIZIONE NEL POST","Verificare nome del luogo.","pending","","1.31.0"
"U0239","13. PULSANTI DELLA POSIZIONE NEL POST","Verificare ricerca inversa.","pending","","1.31.0"
"U0240","13. PULSANTI DELLA POSIZIONE NEL POST","Verificare fallback con coordinate numeriche.","pending","","1.31.0"
"U0241","13. PULSANTI DELLA POSIZIONE NEL POST","Rimuovere la posizione.","pending","","1.31.0"
"U0242","13. PULSANTI DELLA POSIZIONE NEL POST","Verificare cancellazione di nome e coordinate.","pending","","1.31.0"
"U0243","13. PULSANTI DELLA POSIZIONE NEL POST","Cercare un luogo manualmente.","pending","","1.31.0"
"U0244","13. PULSANTI DELLA POSIZIONE NEL POST","Selezionare un risultato.","pending","","1.31.0"
"U0245","13. PULSANTI DELLA POSIZIONE NEL POST","Modificare il nome dopo la selezione.","pending","","1.31.0"
"U0246","13. PULSANTI DELLA POSIZIONE NEL POST","Verificare coerenza tra nome e coordinate.","pending","","1.31.0"
"U0247","13. PULSANTI DELLA POSIZIONE NEL POST","Pubblicare il post.","pending","","1.31.0"
"U0248","13. PULSANTI DELLA POSIZIONE NEL POST","Aprire il luogo dal feed.","pending","","1.31.0"
"U0249","13. PULSANTI DELLA POSIZIONE NEL POST","Verificare che il pubblico veda soltanto la posizione consentita.","pending","","1.31.0"
"U0250","14. PULSANTI DEI SINGOLI POST","Aggiungere reazione.","passed","Playwright Galaxy S9+ su tre contesti: viaggiatore, familiare e pubblico; identità ospite server, like aggiunto/rimosso, commento creato/modificato/eliminato, sync automatica e comandi proprietà; preview c9d82d89; 2026-08-04","1.31.0"
"U0251","14. PULSANTI DEI SINGOLI POST","Cambiare reazione.","pending","","1.31.0"
"U0252","14. PULSANTI DEI SINGOLI POST","Rimuovere reazione.","passed","Playwright Galaxy S9+ su tre contesti: viaggiatore, familiare e pubblico; identità ospite server, like aggiunto/rimosso, commento creato/modificato/eliminato, sync automatica e comandi proprietà; preview c9d82d89; 2026-08-04","1.31.0"
"U0253","14. PULSANTI DEI SINGOLI POST","Verificare nome della persona.","passed","Playwright Galaxy S9+ su tre contesti: viaggiatore, familiare e pubblico; identità ospite server, like aggiunto/rimosso, commento creato/modificato/eliminato, sync automatica e comandi proprietà; preview c9d82d89; 2026-08-04","1.31.0"
"U0254","14. PULSANTI DEI SINGOLI POST","Verificare aggiornamento sul secondo telefono.","pending","","1.31.0"
"U0255","14. PULSANTI DEI SINGOLI POST","Doppio tocco rapido.","pending","","1.31.0"
"U0256","14. PULSANTI DEI SINGOLI POST","Verificare una sola reazione.","pending","","1.31.0"
"U0257","14. PULSANTI DEI SINGOLI POST","Aprire il campo.","pending","","1.31.0"
"U0258","14. PULSANTI DEI SINGOLI POST","Verificare focus e tastiera.","pending","","1.31.0"
"U0259","14. PULSANTI DEI SINGOLI POST","Scrivere commento.","passed","Playwright Galaxy S9+ su tre contesti: viaggiatore, familiare e pubblico; identità ospite server, like aggiunto/rimosso, commento creato/modificato/eliminato, sync automatica e comandi proprietà; preview c9d82d89; 2026-08-04","1.31.0"
"U0260","14. PULSANTI DEI SINGOLI POST","Inviare commento.","passed","Playwright Galaxy S9+ su tre contesti: viaggiatore, familiare e pubblico; identità ospite server, like aggiunto/rimosso, commento creato/modificato/eliminato, sync automatica e comandi proprietà; preview c9d82d89; 2026-08-04","1.31.0"
"U0261","14. PULSANTI DEI SINGOLI POST","Verificare comparsa immediata.","passed","Playwright Galaxy S9+ su tre contesti: viaggiatore, familiare e pubblico; identità ospite server, like aggiunto/rimosso, commento creato/modificato/eliminato, sync automatica e comandi proprietà; preview c9d82d89; 2026-08-04","1.31.0"
"U0262","14. PULSANTI DEI SINGOLI POST","Verificare sincronizzazione.","passed","Playwright Galaxy S9+ su tre contesti: viaggiatore, familiare e pubblico; identità ospite server, like aggiunto/rimosso, commento creato/modificato/eliminato, sync automatica e comandi proprietà; preview c9d82d89; 2026-08-04","1.31.0"
"U0263","14. PULSANTI DEI SINGOLI POST","Aprire condivisione nativa.","pending","","1.31.0"
"U0264","14. PULSANTI DEI SINGOLI POST","Condividere su WhatsApp.","pending","","1.31.0"
"U0265","14. PULSANTI DEI SINGOLI POST","Condividere tramite messaggio.","pending","","1.31.0"
"U0266","14. PULSANTI DEI SINGOLI POST","Verificare link del post preciso.","pending","","1.31.0"
"U0267","14. PULSANTI DEI SINGOLI POST","Verificare fallback “Copia link”.","pending","","1.31.0"
"U0268","14. PULSANTI DEI SINGOLI POST","Aprire il link senza password.","pending","","1.31.0"
"U0269","14. PULSANTI DEI SINGOLI POST","Verificare rispetto della visibilità.","pending","","1.31.0"
"U0270","14. PULSANTI DEI SINGOLI POST","Salvare il post.","pending","","1.31.0"
"U0271","14. PULSANTI DEI SINGOLI POST","Verificare evidenziazione.","pending","","1.31.0"
"U0272","14. PULSANTI DEI SINGOLI POST","Chiudere e riaprire l’app.","pending","","1.31.0"
"U0273","14. PULSANTI DEI SINGOLI POST","Verificare persistenza.","pending","","1.31.0"
"U0274","14. PULSANTI DEI SINGOLI POST","Aprire da un secondo dispositivo.","passed","Playwright Galaxy S9+ su tre contesti: viaggiatore, familiare e pubblico; identità ospite server, like aggiunto/rimosso, commento creato/modificato/eliminato, sync automatica e comandi proprietà; preview c9d82d89; 2026-08-04","1.31.0"
"U0275","14. PULSANTI DEI SINGOLI POST","Verificare sincronizzazione, se prevista.","passed","Playwright Galaxy S9+ su tre contesti: viaggiatore, familiare e pubblico; identità ospite server, like aggiunto/rimosso, commento creato/modificato/eliminato, sync automatica e comandi proprietà; preview c9d82d89; 2026-08-04","1.31.0"
"U0276","14. PULSANTI DEI SINGOLI POST","Aprire menu.","pending","","1.31.0"
"U0277","14. PULSANTI DEI SINGOLI POST","Chiudere menu.","pending","","1.31.0"
"U0278","14. PULSANTI DEI SINGOLI POST","Toccare fuori dal menu.","pending","","1.31.0"
"U0279","14. PULSANTI DEI SINGOLI POST","Verificare “Elimina” soltanto per proprietario o Coordinatore.","passed","Playwright Galaxy S9+ su tre contesti: viaggiatore, familiare e pubblico; identità ospite server, like aggiunto/rimosso, commento creato/modificato/eliminato, sync automatica e comandi proprietà; preview c9d82d89; 2026-08-04","1.31.0"
"U0280","14. PULSANTI DEI SINGOLI POST","Verificare assenza di “Elimina” per utenti non autorizzati.","passed","Playwright Galaxy S9+ su tre contesti: viaggiatore, familiare e pubblico; identità ospite server, like aggiunto/rimosso, commento creato/modificato/eliminato, sync automatica e comandi proprietà; preview c9d82d89; 2026-08-04","1.31.0"
"U0281","15. ELIMINAZIONE DEI POST","Eliminare un proprio post.","passed","Authenticated remote QA: 18/18 applicable; preview a018a091; 2026-08-04","1.31.0"
"U0282","15. ELIMINAZIONE DEI POST","Annullare dalla finestra di conferma.","pending","","1.31.0"
"U0283","15. ELIMINAZIONE DEI POST","Confermare eliminazione.","pending","","1.31.0"
"U0284","15. ELIMINAZIONE DEI POST","Verificare scomparsa dal feed.","passed","Authenticated remote QA: 18/18 applicable; preview a018a091; 2026-08-04","1.31.0"
"U0285","15. ELIMINAZIONE DEI POST","Verificare scomparsa sul secondo telefono.","passed","Authenticated remote QA: 18/18 applicable; preview a018a091; 2026-08-04","1.31.0"
"U0286","15. ELIMINAZIONE DEI POST","Verificare eliminazione delle fotografie.","pending","","1.31.0"
"U0287","15. ELIMINAZIONE DEI POST","Verificare eliminazione dei video.","pending","","1.31.0"
"U0288","15. ELIMINAZIONE DEI POST","Verificare eliminazione degli audio.","pending","","1.31.0"
"U0289","15. ELIMINAZIONE DEI POST","Verificare eliminazione dei commenti.","pending","","1.31.0"
"U0290","15. ELIMINAZIONE DEI POST","Verificare eliminazione delle reazioni.","pending","","1.31.0"
"U0291","15. ELIMINAZIONE DEI POST","Verificare nessun file orfano.","pending","","1.31.0"
"U0292","15. ELIMINAZIONE DEI POST","Tentare eliminazione di un post altrui.","passed","Authenticated remote QA: 18/18 applicable; preview a018a091; 2026-08-04","1.31.0"
"U0293","15. ELIMINAZIONE DEI POST","Risultato atteso: 403.","passed","Authenticated remote QA: 18/18 applicable; preview a018a091; 2026-08-04","1.31.0"
"U0294","15. ELIMINAZIONE DEI POST","Verificare che il Coordinatore possa moderare, se previsto.","pending","","1.31.0"
"U0295","16. COMMENTI","Commento senza password.","passed","Playwright Galaxy S9+ su tre contesti: viaggiatore, familiare e pubblico; identità ospite server, like aggiunto/rimosso, commento creato/modificato/eliminato, sync automatica e comandi proprietà; preview c9d82d89; 2026-08-04","1.31.0"
"U0296","16. COMMENTI","Commento con password.","pending","","1.31.0"
"U0297","16. COMMENTI","Commento come Viaggiatore.","passed","Authenticated remote QA: 18/18 applicable; preview a018a091; 2026-08-04","1.31.0"
"U0298","16. COMMENTI","Commento come Coordinatore.","pending","","1.31.0"
"U0299","16. COMMENTI","Commento testuale.","passed","Authenticated remote QA: 18/18 applicable; preview a018a091; 2026-08-04","1.31.0"
"U0300","16. COMMENTI","Commento con fotografia.","pending","","1.31.0"
"U0301","16. COMMENTI","Commento con video.","pending","","1.31.0"
"U0302","16. COMMENTI","Commento con audio.","pending","","1.31.0"
"U0303","16. COMMENTI","Commento vuoto.","pending","","1.31.0"
"U0304","16. COMMENTI","Commento molto lungo.","pending","","1.31.0"
"U0305","16. COMMENTI","Commento con emoji.","pending","","1.31.0"
"U0306","16. COMMENTI","Commento con menzione.","pending","","1.31.0"
"U0307","16. COMMENTI","Modifica commento proprio.","passed","Authenticated remote QA: 18/18 applicable; preview a018a091; 2026-08-04","1.31.0"
"U0308","16. COMMENTI","Eliminazione commento proprio.","passed","Authenticated remote QA: 18/18 applicable; preview a018a091; 2026-08-04","1.31.0"
"U0309","16. COMMENTI","Tentativo di modifica di commento altrui.","passed","Authenticated remote QA: 18/18 applicable; preview a018a091; 2026-08-04","1.31.0"
"U0310","16. COMMENTI","Tentativo di eliminazione di commento altrui.","passed","Authenticated remote QA: 18/18 applicable; preview a018a091; 2026-08-04","1.31.0"
"U0311","16. COMMENTI","Visualizza ultimi commenti.","pending","","1.31.0"
"U0312","16. COMMENTI","Visualizza tutti i commenti.","pending","","1.31.0"
"U0313","16. COMMENTI","Chiudi tutti i commenti.","pending","","1.31.0"
"U0314","16. COMMENTI","Sincronizzazione sul secondo telefono.","passed","Authenticated remote QA: 18/18 applicable; preview a018a091; 2026-08-04","1.31.0"
"U0315","17. PULSANTE VIAGGIO","Aprire Viaggio.","passed","Playwright Galaxy S9+ reale: touch fisico, 14 giornate, persistenza, 14 ricollocazioni mappa, marker Delhi 1/8 e Ranakpur; pubblicazione HTTP 201 senza duplicati; preview 9913ac2c; 2026-08-04","1.31.0"
"U0316","17. PULSANTE VIAGGIO","Verificare tutte le 14 giornate.","passed","Playwright Galaxy S9+ reale: touch fisico, 14 giornate, persistenza, 14 ricollocazioni mappa, marker Delhi 1/8 e Ranakpur; pubblicazione HTTP 201 senza duplicati; preview 9913ac2c; 2026-08-04","1.31.0"
"U0317","17. PULSANTE VIAGGIO","Aprire ogni giornata.","passed","Playwright Galaxy S9+ reale: touch fisico, 14 giornate, persistenza, 14 ricollocazioni mappa, marker Delhi 1/8 e Ranakpur; pubblicazione HTTP 201 senza duplicati; preview 9913ac2c; 2026-08-04","1.31.0"
"U0318","17. PULSANTE VIAGGIO","Chiudere ogni giornata.","passed","Playwright Galaxy S9+ reale: touch fisico, 14 giornate, persistenza, 14 ricollocazioni mappa, marker Delhi 1/8 e Ranakpur; pubblicazione HTTP 201 senza duplicati; preview 9913ac2c; 2026-08-04","1.31.0"
"U0319","17. PULSANTE VIAGGIO","Verificare fotografia della città.","passed","Playwright Galaxy S9+ reale: touch fisico, 14 giornate, persistenza, 14 ricollocazioni mappa, marker Delhi 1/8 e Ranakpur; pubblicazione HTTP 201 senza duplicati; preview 9913ac2c; 2026-08-04","1.31.0"
"U0320","17. PULSANTE VIAGGIO","Verificare titolo.","passed","Playwright Galaxy S9+ reale: touch fisico, 14 giornate, persistenza, 14 ricollocazioni mappa, marker Delhi 1/8 e Ranakpur; pubblicazione HTTP 201 senza duplicati; preview 9913ac2c; 2026-08-04","1.31.0"
"U0321","17. PULSANTE VIAGGIO","Verificare descrizione.","passed","Playwright Galaxy S9+ reale: touch fisico, 14 giornate, persistenza, 14 ricollocazioni mappa, marker Delhi 1/8 e Ranakpur; pubblicazione HTTP 201 senza duplicati; preview 9913ac2c; 2026-08-04","1.31.0"
"U0322","17. PULSANTE VIAGGIO","Verificare mezzo.","passed","Playwright Galaxy S9+ reale: touch fisico, 14 giornate, persistenza, 14 ricollocazioni mappa, marker Delhi 1/8 e Ranakpur; pubblicazione HTTP 201 senza duplicati; preview 9913ac2c; 2026-08-04","1.31.0"
"U0323","17. PULSANTE VIAGGIO","Verificare distanza.","passed","Playwright Galaxy S9+ reale: touch fisico, 14 giornate, persistenza, 14 ricollocazioni mappa, marker Delhi 1/8 e Ranakpur; pubblicazione HTTP 201 senza duplicati; preview 9913ac2c; 2026-08-04","1.31.0"
"U0324","17. PULSANTE VIAGGIO","Verificare durata.","passed","Playwright Galaxy S9+ reale: touch fisico, 14 giornate, persistenza, 14 ricollocazioni mappa, marker Delhi 1/8 e Ranakpur; pubblicazione HTTP 201 senza duplicati; preview 9913ac2c; 2026-08-04","1.31.0"
"U0325","17. PULSANTE VIAGGIO","Verificare obiettivo.","passed","Playwright Galaxy S9+ reale: touch fisico, 14 giornate, persistenza, 14 ricollocazioni mappa, marker Delhi 1/8 e Ranakpur; pubblicazione HTTP 201 senza duplicati; preview 9913ac2c; 2026-08-04","1.31.0"
"U0326","17. PULSANTE VIAGGIO","Verificare attività.","passed","Playwright Galaxy S9+ reale: touch fisico, 14 giornate, persistenza, 14 ricollocazioni mappa, marker Delhi 1/8 e Ranakpur; pubblicazione HTTP 201 senza duplicati; preview 9913ac2c; 2026-08-04","1.31.0"
"U0327","17. PULSANTE VIAGGIO","Verificare percorso.","passed","Playwright Galaxy S9+ reale: touch fisico, 14 giornate, persistenza, 14 ricollocazioni mappa, marker Delhi 1/8 e Ranakpur; pubblicazione HTTP 201 senza duplicati; preview 9913ac2c; 2026-08-04","1.31.0"
"U0328","17. PULSANTE VIAGGIO","Verificare checklist.","passed","Playwright Galaxy S9+ reale: touch fisico, 14 giornate, persistenza, 14 ricollocazioni mappa, marker Delhi 1/8 e Ranakpur; pubblicazione HTTP 201 senza duplicati; preview 9913ac2c; 2026-08-04","1.31.0"
"U0329","17. PULSANTE VIAGGIO","Selezionare un’attività.","passed","Playwright Galaxy S9+ reale: touch fisico, 14 giornate, persistenza, 14 ricollocazioni mappa, marker Delhi 1/8 e Ranakpur; pubblicazione HTTP 201 senza duplicati; preview 9913ac2c; 2026-08-04","1.31.0"
"U0330","17. PULSANTE VIAGGIO","Deselezionare un’attività.","pending","","1.31.0"
"U0331","17. PULSANTE VIAGGIO","Chiudere e riaprire.","passed","Playwright Galaxy S9+ reale: touch fisico, 14 giornate, persistenza, 14 ricollocazioni mappa, marker Delhi 1/8 e Ranakpur; pubblicazione HTTP 201 senza duplicati; preview 9913ac2c; 2026-08-04","1.31.0"
"U0332","17. PULSANTE VIAGGIO","Verificare persistenza.","passed","Playwright Galaxy S9+ reale: touch fisico, 14 giornate, persistenza, 14 ricollocazioni mappa, marker Delhi 1/8 e Ranakpur; pubblicazione HTTP 201 senza duplicati; preview 9913ac2c; 2026-08-04","1.31.0"
"U0333","17. PULSANTE VIAGGIO","Premere Giorno precedente.","passed","Playwright Galaxy S9+ reale: touch fisico, 14 giornate, persistenza, 14 ricollocazioni mappa, marker Delhi 1/8 e Ranakpur; pubblicazione HTTP 201 senza duplicati; preview 9913ac2c; 2026-08-04","1.31.0"
"U0334","17. PULSANTE VIAGGIO","Premere Giorno successivo.","passed","Playwright Galaxy S9+ reale: touch fisico, 14 giornate, persistenza, 14 ricollocazioni mappa, marker Delhi 1/8 e Ranakpur; pubblicazione HTTP 201 senza duplicati; preview 9913ac2c; 2026-08-04","1.31.0"
"U0335","17. PULSANTE VIAGGIO","Verificare limiti del primo e ultimo giorno.","passed","Playwright Galaxy S9+ reale: touch fisico, 14 giornate, persistenza, 14 ricollocazioni mappa, marker Delhi 1/8 e Ranakpur; pubblicazione HTTP 201 senza duplicati; preview 9913ac2c; 2026-08-04","1.31.0"
"U0336","17. PULSANTE VIAGGIO","Premere “Aggiungi ricordo”.","pending","","1.31.0"
"U0337","17. PULSANTE VIAGGIO","Verificare apertura del compositore sul giorno corretto.","pending","","1.31.0"
"U0338","18. PULSANTI DELLE MAPPE","Aprire la mini-mappa della giornata.","passed","Playwright Galaxy S9+ reale: touch fisico, 14 giornate, persistenza, 14 ricollocazioni mappa, marker Delhi 1/8 e Ranakpur; pubblicazione HTTP 201 senza duplicati; preview 9913ac2c; 2026-08-04","1.31.0"
"U0339","18. PULSANTI DELLE MAPPE","Aprire la mappa completa.","passed","Playwright Galaxy S9+ reale: touch fisico, 14 giornate, persistenza, 14 ricollocazioni mappa, marker Delhi 1/8 e Ranakpur; pubblicazione HTTP 201 senza duplicati; preview 9913ac2c; 2026-08-04","1.31.0"
"U0340","18. PULSANTI DELLE MAPPE","Premere “Vedi tutto”.","passed","Playwright Galaxy S9+ reale: touch fisico, 14 giornate, persistenza, 14 ricollocazioni mappa, marker Delhi 1/8 e Ranakpur; pubblicazione HTTP 201 senza duplicati; preview 9913ac2c; 2026-08-04","1.31.0"
"U0341","18. PULSANTI DELLE MAPPE","Selezionare ogni giorno dai pulsanti della mappa.","passed","Playwright Galaxy S9+ reale: touch fisico, 14 giornate, persistenza, 14 ricollocazioni mappa, marker Delhi 1/8 e Ranakpur; pubblicazione HTTP 201 senza duplicati; preview 9913ac2c; 2026-08-04","1.31.0"
"U0342","18. PULSANTI DELLE MAPPE","Verificare marker.","passed","Playwright Galaxy S9+ reale: touch fisico, 14 giornate, persistenza, 14 ricollocazioni mappa, marker Delhi 1/8 e Ranakpur; pubblicazione HTTP 201 senza duplicati; preview 9913ac2c; 2026-08-04","1.31.0"
"U0343","18. PULSANTI DELLE MAPPE","Verificare percorso.","pending","","1.31.0"
"U0344","18. PULSANTI DELLE MAPPE","Verificare zoom.","passed","Playwright Galaxy S9+ reale: touch fisico, 14 giornate, persistenza, 14 ricollocazioni mappa, marker Delhi 1/8 e Ranakpur; pubblicazione HTTP 201 senza duplicati; preview 9913ac2c; 2026-08-04","1.31.0"
"U0345","18. PULSANTI DELLE MAPPE","Verificare Delhi iniziale e finale.","passed","Playwright Galaxy S9+ reale: touch fisico, 14 giornate, persistenza, 14 ricollocazioni mappa, marker Delhi 1/8 e Ranakpur; pubblicazione HTTP 201 senza duplicati; preview 9913ac2c; 2026-08-04","1.31.0"
"U0346","18. PULSANTI DELLE MAPPE","Verificare Ranakpur.","passed","Playwright Galaxy S9+ reale: touch fisico, 14 giornate, persistenza, 14 ricollocazioni mappa, marker Delhi 1/8 e Ranakpur; pubblicazione HTTP 201 senza duplicati; preview 9913ac2c; 2026-08-04","1.31.0"
"U0347","18. PULSANTI DELLE MAPPE","Verificare linee aeree.","pending","","1.31.0"
"U0348","18. PULSANTI DELLE MAPPE","Verificare linee ferroviarie.","pending","","1.31.0"
"U0349","18. PULSANTI DELLE MAPPE","Verificare percorsi stradali.","pending","","1.31.0"
"U0350","18. PULSANTI DELLE MAPPE","Premere controlli zoom più e meno.","pending","","1.31.0"
"U0351","18. PULSANTI DELLE MAPPE","Trascinare la mappa.","pending","","1.31.0"
"U0352","18. PULSANTI DELLE MAPPE","Utilizzare due dita.","pending","","1.31.0"
"U0353","18. PULSANTI DELLE MAPPE","Ruotare il telefono.","pending","","1.31.0"
"U0354","18. PULSANTI DELLE MAPPE","Premere “Torna alla Bacheca”.","passed","Playwright Galaxy S9+ reale: touch fisico, 14 giornate, persistenza, 14 ricollocazioni mappa, marker Delhi 1/8 e Ranakpur; pubblicazione HTTP 201 senza duplicati; preview 9913ac2c; 2026-08-04","1.31.0"
"U0355","18. PULSANTI DELLE MAPPE","Verificare ritorno allo stesso punto.","pending","","1.31.0"
"U0356","18. PULSANTI DELLE MAPPE","Aprire Google Maps.","pending","","1.31.0"
"U0357","18. PULSANTI DELLE MAPPE","Verificare destinazione.","pending","","1.31.0"
"U0358","18. PULSANTI DELLE MAPPE","Premere Naviga.","pending","","1.31.0"
"U0359","18. PULSANTI DELLE MAPPE","Verificare percorso corretto.","pending","","1.31.0"
"U0360","18. PULSANTI DELLE MAPPE","Provare senza rete.","pending","","1.31.0"
"U0361","18. PULSANTI DELLE MAPPE","Mostrare alternativa con coordinate e indirizzo.","pending","","1.31.0"
"U0362","19. PULSANTE GRUPPO","Visualizzare soltanto informazioni pubbliche consentite.","passed","Playwright mobile people/roles 1/1; preview 64167f5a; 2026-08-04","1.31.0"
"U0363","19. PULSANTE GRUPPO","Non visualizzare documenti.","pending","","1.31.0"
"U0364","19. PULSANTE GRUPPO","Non visualizzare posizione.","pending","","1.31.0"
"U0365","19. PULSANTE GRUPPO","Non visualizzare comandi di modifica.","passed","Playwright mobile people/roles 1/1; preview 64167f5a; 2026-08-04","1.31.0"
"U0366","19. PULSANTE GRUPPO","Verificare informazioni autorizzate.","pending","","1.31.0"
"U0367","19. PULSANTE GRUPPO","Non visualizzare documenti.","pending","","1.31.0"
"U0368","19. PULSANTE GRUPPO","Non modificare profili.","passed","Playwright mobile people/roles 1/1; preview 64167f5a; 2026-08-04","1.31.0"
"U0369","19. PULSANTE GRUPPO","Non creare inviti.","passed","Playwright mobile people/roles 1/1; preview 64167f5a; 2026-08-04","1.31.0"
"U0370","19. PULSANTE GRUPPO","Aprire il proprio profilo.","pending","","1.31.0"
"U0371","19. PULSANTE GRUPPO","Modificare il proprio profilo.","pending","","1.31.0"
"U0372","19. PULSANTE GRUPPO","Sostituire la propria fotografia.","pending","","1.31.0"
"U0373","19. PULSANTE GRUPPO","Non modificare profili altrui.","passed","Playwright mobile people/roles 1/1; preview 64167f5a; 2026-08-04","1.31.0"
"U0374","19. PULSANTE GRUPPO","Creare profilo.","passed","Playwright mobile people/roles 1/1; preview 64167f5a; 2026-08-04","1.31.0"
"U0375","19. PULSANTE GRUPPO","Modificare profilo.","passed","Playwright mobile people/roles 1/1; preview 64167f5a; 2026-08-04","1.31.0"
"U0376","19. PULSANTE GRUPPO","Assegnare ruolo.","passed","Playwright mobile people/roles 1/1; preview 64167f5a; 2026-08-04","1.31.0"
"U0377","19. PULSANTE GRUPPO","Creare invito.","passed","Playwright mobile people/roles 1/1; preview 64167f5a; 2026-08-04","1.31.0"
"U0378","19. PULSANTE GRUPPO","Copiare invito.","pending","","1.31.0"
"U0379","19. PULSANTE GRUPPO","Verificare durata di 48 ore.","pending","","1.31.0"
"U0380","19. PULSANTE GRUPPO","Verificare utilizzo singolo.","pending","","1.31.0"
"U0381","19. PULSANTE GRUPPO","Revocare invito, se previsto.","pending","","1.31.0"
"U0382","20. CAMPI DEL PROFILO","Nome.","passed","Playwright mobile people/roles 1/1; preview 64167f5a; 2026-08-04","1.31.0"
"U0383","20. CAMPI DEL PROFILO","Cognome.","passed","Playwright mobile people/roles 1/1; preview 64167f5a; 2026-08-04","1.31.0"
"U0384","20. CAMPI DEL PROFILO","Età.","passed","Playwright mobile people/roles 1/1; preview 64167f5a; 2026-08-04","1.31.0"
"U0385","20. CAMPI DEL PROFILO","Lavoro.","passed","Playwright mobile people/roles 1/1; preview 64167f5a; 2026-08-04","1.31.0"
"U0386","20. CAMPI DEL PROFILO","Città di provenienza.","passed","Playwright mobile people/roles 1/1; preview 64167f5a; 2026-08-04","1.31.0"
"U0387","20. CAMPI DEL PROFILO","Biografia.","passed","Playwright mobile people/roles 1/1; preview 64167f5a; 2026-08-04","1.31.0"
"U0388","20. CAMPI DEL PROFILO","Ruolo.","passed","Playwright mobile people/roles 1/1; preview 64167f5a; 2026-08-04","1.31.0"
"U0389","20. CAMPI DEL PROFILO","Fotografia.","pending","","1.31.0"
"U0390","20. CAMPI DEL PROFILO","valore vuoto;","passed","Playwright mobile people/roles 1/1; preview 64167f5a; 2026-08-04","1.31.0"
"U0391","20. CAMPI DEL PROFILO","valore molto lungo;","pending","","1.31.0"
"U0392","20. CAMPI DEL PROFILO","accenti;","pending","","1.31.0"
"U0393","20. CAMPI DEL PROFILO","apostrofi;","pending","","1.31.0"
"U0394","20. CAMPI DEL PROFILO","emoji;","pending","","1.31.0"
"U0395","20. CAMPI DEL PROFILO","HTML;","pending","","1.31.0"
"U0396","20. CAMPI DEL PROFILO","JavaScript;","pending","","1.31.0"
"U0397","20. CAMPI DEL PROFILO","salvataggio;","passed","Playwright mobile people/roles 1/1; preview 64167f5a; 2026-08-04","1.31.0"
"U0398","20. CAMPI DEL PROFILO","modifica;","passed","Playwright mobile people/roles 1/1; preview 64167f5a; 2026-08-04","1.31.0"
"U0399","20. CAMPI DEL PROFILO","chiusura e riapertura;","pending","","1.31.0"
"U0400","20. CAMPI DEL PROFILO","aggiornamento sul secondo dispositivo;","passed","Playwright mobile people/roles 1/1; preview 64167f5a; 2026-08-04","1.31.0"
"U0401","20. CAMPI DEL PROFILO","privacy nella vista pubblica.","pending","","1.31.0"
"U0402","21. INVITI PERSONALI","Creare invito.","passed","Authenticated remote QA: 18/18 applicable; preview a018a091; 2026-08-04","1.31.0"
"U0403","21. INVITI PERSONALI","Copiare invito.","pending","","1.31.0"
"U0404","21. INVITI PERSONALI","Aprire invito sul telefono corretto.","passed","Authenticated remote QA: 18/18 applicable; preview a018a091; 2026-08-04","1.31.0"
"U0405","21. INVITI PERSONALI","Verificare profilo corretto.","passed","Authenticated remote QA: 18/18 applicable; preview a018a091; 2026-08-04","1.31.0"
"U0406","21. INVITI PERSONALI","Verificare creazione della sessione.","passed","Authenticated remote QA: 18/18 applicable; preview a018a091; 2026-08-04","1.31.0"
"U0407","21. INVITI PERSONALI","Verificare rimozione del token dall’URL.","passed","Playwright mobile UI + HTTP 201 + production-smoke identity; preview 4bc152c6; 2026-08-04","1.31.0"
"U0408","21. INVITI PERSONALI","Riutilizzare lo stesso invito.","passed","Authenticated remote QA: 18/18 applicable; preview a018a091; 2026-08-04","1.31.0"
"U0409","21. INVITI PERSONALI","Risultato atteso: accesso negato.","passed","Authenticated remote QA: 18/18 applicable; preview a018a091; 2026-08-04","1.31.0"
"U0410","21. INVITI PERSONALI","Aprire contemporaneamente lo stesso invito su due telefoni.","pending","","1.31.0"
"U0411","21. INVITI PERSONALI","Deve riuscire soltanto una richiesta.","pending","","1.31.0"
"U0412","21. INVITI PERSONALI","Utilizzare invito scaduto.","pending","","1.31.0"
"U0413","21. INVITI PERSONALI","Modificare un carattere del link.","pending","","1.31.0"
"U0414","21. INVITI PERSONALI","Verificare accesso negato.","pending","","1.31.0"
"U0415","21. INVITI PERSONALI","Verificare procedura di revoca.","pending","","1.31.0"
"U0416","22. DOCUMENTI","Caricare Passaporto.","passed","Playwright su due Galaxy: PDF reale caricato dal viaggiatore con risposta server 200; preview c90ec547; 2026-08-04","1.31.0"
"U0417","22. DOCUMENTI","Caricare Visto.","pending","","1.31.0"
"U0418","22. DOCUMENTI","Caricare Biglietti.","pending","","1.31.0"
"U0419","22. DOCUMENTI","Caricare Assicurazione.","pending","","1.31.0"
"U0420","22. DOCUMENTI","Verificare indicatore Presente.","passed","Playwright mobile: indicatore ✓ Presente e nome file dopo conferma server; preview c90ec547; 2026-08-04","1.31.0"
"U0421","22. DOCUMENTI","Aprire PDF.","passed","Playwright mobile: PDF protetto aperto in nuova scheda tramite visualizzatore blob autenticato; preview c90ec547; 2026-08-04","1.31.0"
"U0422","22. DOCUMENTI","Aprire fotografia.","pending","","1.31.0"
"U0423","22. DOCUMENTI","Verificare file corretto.","passed","Playwright mobile: documento-prova.pdf associato al Passaporto e aperto dal relativo comando; preview c90ec547; 2026-08-04","1.31.0"
"U0424","22. DOCUMENTI","Verificare autorizzazione server.","passed","Authenticated remote QA: 18/18 applicable; preview a018a091; 2026-08-04","1.31.0"
"U0425","22. DOCUMENTI","Scaricare documento.","passed","Playwright mobile: evento download ricevuto dopo comando Scarica; preview c90ec547; 2026-08-04","1.31.0"
"U0426","22. DOCUMENTI","Verificare nome file.","passed","Playwright mobile: nome download documento-prova.pdf verificato; preview c90ec547; 2026-08-04","1.31.0"
"U0427","22. DOCUMENTI","Verificare contenuto.","pending","","1.31.0"
"U0428","22. DOCUMENTI","Sostituire documento.","pending","","1.31.0"
"U0429","22. DOCUMENTI","Verificare nuovo documento.","pending","","1.31.0"
"U0430","22. DOCUMENTI","Verificare eliminazione del precedente.","pending","","1.31.0"
"U0431","22. DOCUMENTI","Aprire conferma.","passed","Playwright mobile: conferma distruttiva aperta dal comando Elimina; preview c90ec547; 2026-08-04","1.31.0"
"U0432","22. DOCUMENTI","Annullare.","passed","Playwright mobile: Annulla mantiene documento e indicatore Presente; preview c90ec547; 2026-08-04","1.31.0"
"U0433","22. DOCUMENTI","Confermare.","passed","Playwright mobile: conferma invia DELETE autenticato e riceve 200; preview c90ec547; 2026-08-04","1.31.0"
"U0434","22. DOCUMENTI","Verificare rimozione.","passed","Playwright mobile: stato torna a Non ancora caricato; preview c90ec547; 2026-08-04","1.31.0"
"U0435","22. DOCUMENTI","Verificare conteggio aggiornato.","passed","Playwright su due telefoni: griglia coordinatore passa automaticamente da 1/4 a 0/4; preview c90ec547; 2026-08-04","1.31.0"
"U0436","22. DOCUMENTI","Pubblico: 403.","passed","Authenticated remote QA: 18/18 applicable; preview a018a091; 2026-08-04","1.31.0"
"U0437","22. DOCUMENTI","Familiare: 403.","pending","","1.31.0"
"U0438","22. DOCUMENTI","Viaggiatore A apre documento A.","passed","Authenticated remote QA: 18/18 applicable; preview a018a091; 2026-08-04","1.31.0"
"U0439","22. DOCUMENTI","Viaggiatore A tenta documento B: 403.","passed","Authenticated remote QA: 18/18 applicable; preview a018a091; 2026-08-04","1.31.0"
"U0440","22. DOCUMENTI","Coordinatore apre documenti autorizzati.","pending","","1.31.0"
"U0441","22. DOCUMENTI","Token scaduto: 401.","passed","Authenticated remote QA: 18/18 applicable; preview a018a091; 2026-08-04","1.31.0"
"U0442","22. DOCUMENTI","Token revocato: 401.","pending","","1.31.0"
"U0443","23. DASHBOARD DEL COORDINATORE","Aprire vista Coordinatore.","passed","Playwright mobile con sessione coordinatore reale: dashboard visibile; preview c90ec547; 2026-08-04","1.31.0"
"U0444","23. DASHBOARD DEL COORDINATORE","Verificare numero dei Viaggiatori.","pending","","1.31.0"
"U0445","23. DASHBOARD DEL COORDINATORE","Verificare quattro documenti per persona.","passed","Playwright mobile: griglia del viaggiatore espone conteggio su quattro documenti e Passaporto nominativo; preview c90ec547; 2026-08-04","1.31.0"
"U0446","23. DASHBOARD DEL COORDINATORE","Verificare conteggio generale.","pending","","1.31.0"
"U0447","23. DASHBOARD DEL COORDINATORE","Caricare documento dal telefono del Viaggiatore.","passed","Playwright su due Galaxy separati: caricamento eseguito dal dispositivo viaggiatore; preview c90ec547; 2026-08-04","1.31.0"
"U0448","23. DASHBOARD DEL COORDINATORE","Verificare aggiornamento del conteggio.","passed","Playwright su due telefoni: coordinatore vede 1/4 e Passaporto presente; preview c90ec547; 2026-08-04","1.31.0"
"U0449","23. DASHBOARD DEL COORDINATORE","Eliminare documento.","passed","Playwright: eliminazione eseguita dal proprietario e confermata dal server; preview c90ec547; 2026-08-04","1.31.0"
"U0450","23. DASHBOARD DEL COORDINATORE","Verificare aggiornamento.","passed","Playwright: polling privato porta automaticamente la griglia coordinatore da 1/4 a 0/4; preview c90ec547; 2026-08-04","1.31.0"
"U0451","23. DASHBOARD DEL COORDINATORE","Aprire ogni documento.","pending","","1.31.0"
"U0452","23. DASHBOARD DEL COORDINATORE","Verificare associazione alla persona corretta.","passed","Playwright: card filtrata sul nome del viaggiatore e Passaporto presente associato allo stesso nome; preview c90ec547; 2026-08-04","1.31.0"
"U0453","23. DASHBOARD DEL COORDINATORE","Passare a vista Viaggiatore.","pending","","1.31.0"
"U0454","23. DASHBOARD DEL COORDINATORE","Tornare a vista Coordinatore.","pending","","1.31.0"
"U0455","23. DASHBOARD DEL COORDINATORE","Verificare che il cambio di anteprima non modifichi il ruolo reale.","pending","","1.31.0"
"U0456","24. POSIZIONE DEL GRUPPO","Consentire posizione.","passed","Playwright Galaxy: permesso GPS accordato e POST autenticato 200; preview 20382a40; 2026-08-04","1.31.0"
"U0457","24. POSIZIONE DEL GRUPPO","Negare posizione.","passed","Playwright Galaxy: permesso rimosso, messaggio locale e zero richieste POST; preview 20382a40; 2026-08-04","1.31.0"
"U0458","24. POSIZIONE DEL GRUPPO","Verificare messaggio.","passed","Playwright mobile: conferme Posizione condivisa adesso, Posizione cancellata e Permesso posizione non disponibile; preview 20382a40; 2026-08-04","1.31.0"
"U0459","24. POSIZIONE DEL GRUPPO","Verificare coordinate nel database.","passed","Playwright mobile + API privata: 28.6139, 77.2090 salvate e restituite su due sessioni; preview 20382a40; 2026-08-04","1.31.0"
"U0460","24. POSIZIONE DEL GRUPPO","Verificare nome corretto.","passed","Playwright su due telefoni: posizione associata al nome univoco del viaggiatore QA; preview 20382a40; 2026-08-04","1.31.0"
"U0461","24. POSIZIONE DEL GRUPPO","Aprire mappa.","passed","Playwright mobile: cartina posizioni aperta su viaggiatore e coordinatore; preview 20382a40; 2026-08-04","1.31.0"
"U0462","24. POSIZIONE DEL GRUPPO","Chiudere mappa.","passed","Playwright mobile: chiusura smonta cartina e marker prima del cambio dispositivo; preview 20382a40; 2026-08-04","1.31.0"
"U0463","24. POSIZIONE DEL GRUPPO","Verificare numero posizioni.","passed","Playwright mobile: contatore posizioni visibile e coerente con la lista privata; preview 20382a40; 2026-08-04","1.31.0"
"U0464","24. POSIZIONE DEL GRUPPO","Verificare marker.","passed","Playwright mobile: marker nominativo visibile sulla cartina dell'India; preview 20382a40; 2026-08-04","1.31.0"
"U0465","24. POSIZIONE DEL GRUPPO","Verificare data e ora.","pending","","1.31.0"
"U0466","24. POSIZIONE DEL GRUPPO","Aprire coordinate corrette.","passed","Playwright: URL Google Maps search contiene 28.6139,77.209; preview 20382a40; 2026-08-04","1.31.0"
"U0467","24. POSIZIONE DEL GRUPPO","Impostare destinazione corretta.","passed","Playwright: URL Google Maps directions contiene la destinazione 28.6139,77.209; preview 20382a40; 2026-08-04","1.31.0"
"U0468","24. POSIZIONE DEL GRUPPO","Cancellare la propria posizione.","passed","Playwright mobile: DELETE del proprietario autenticato restituisce 200; preview 20382a40; 2026-08-04","1.31.0"
"U0469","24. POSIZIONE DEL GRUPPO","Verificare scomparsa.","passed","Playwright: record nominativo scompare dalla lista del secondo telefono; preview 20382a40; 2026-08-04","1.31.0"
"U0470","24. POSIZIONE DEL GRUPPO","Verificare sincronizzazione.","passed","Playwright su viaggiatore e coordinatore: inserimento e rimozione propagati automaticamente; preview 20382a40; 2026-08-04","1.31.0"
"U0471","24. POSIZIONE DEL GRUPPO","Tentare cancellazione di posizione altrui.","pending","","1.31.0"
"U0472","24. POSIZIONE DEL GRUPPO","Risultato atteso: 403.","pending","","1.31.0"
"U0473","25. INCROCI TRA PASSWORD E PUBBLICAZIONE","Aprire Pubblica.","passed","Playwright mobile: loading held, disabled state, duplicate click, HTTP 201, confirmation; preview 9393a1aa","1.31.0"
"U0474","25. INCROCI TRA PASSWORD E PUBBLICAZIONE","Il sistema deve bloccare la pubblicazione oppure richiedere l’accesso.","passed","Playwright mobile: loading held, disabled state, duplicate click, HTTP 201, confirmation; preview 9393a1aa","1.31.0"
"U0475","25. INCROCI TRA PASSWORD E PUBBLICAZIONE","Il messaggio deve spiegare esattamente cosa serve.","pending","","1.31.0"
"U0476","25. INCROCI TRA PASSWORD E PUBBLICAZIONE","Nessun accesso.","pending","","1.31.0"
"U0477","25. INCROCI TRA PASSWORD E PUBBLICAZIONE","Nessuna pubblicazione.","pending","","1.31.0"
"U0478","25. INCROCI TRA PASSWORD E PUBBLICAZIONE","Nessuna sessione.","pending","","1.31.0"
"U0479","25. INCROCI TRA PASSWORD E PUBBLICAZIONE","Definire se l’utente è Ospite.","pending","","1.31.0"
"U0480","25. INCROCI TRA PASSWORD E PUBBLICAZIONE","Se può pubblicare, creare sessione Ospite.","pending","","1.31.0"
"U0481","25. INCROCI TRA PASSWORD E PUBBLICAZIONE","Se non può pubblicare, non mostrare il compositore come attivo.","pending","","1.31.0"
"U0482","25. INCROCI TRA PASSWORD E PUBBLICAZIONE","Non associare automaticamente un profilo scelto dal client.","pending","","1.31.0"
"U0483","25. INCROCI TRA PASSWORD E PUBBLICAZIONE","Richiedere invito personale.","pending","","1.31.0"
"U0484","25. INCROCI TRA PASSWORD E PUBBLICAZIONE","Pubblicazione riuscita.","passed","Playwright mobile UI + HTTP 201 + production-smoke identity; preview 4bc152c6; 2026-08-04","1.31.0"
"U0485","25. INCROCI TRA PASSWORD E PUBBLICAZIONE","Autore determinato dal server.","passed","Playwright mobile UI + HTTP 201 + production-smoke identity; preview 4bc152c6; 2026-08-04","1.31.0"
"U0486","25. INCROCI TRA PASSWORD E PUBBLICAZIONE","Pubblicazione bloccata.","pending","","1.31.0"
"U0487","25. INCROCI TRA PASSWORD E PUBBLICAZIONE","Bozza conservata.","pending","","1.31.0"
"U0488","25. INCROCI TRA PASSWORD E PUBBLICAZIONE","Richiesta di nuovo accesso.","pending","","1.31.0"
"U0489","25. INCROCI TRA PASSWORD E PUBBLICAZIONE","Nessun post parziale.","pending","","1.31.0"
"U0490","25. INCROCI TRA PASSWORD E PUBBLICAZIONE","Nessun file orfano.","pending","","1.31.0"
"U0491","25. INCROCI TRA PASSWORD E PUBBLICAZIONE","Bozza recuperabile.","pending","","1.31.0"
"U0492","26. TEST DI TUTTI I MESSAGGI DI ERRORE","password errata;","pending","","1.31.0"
"U0493","26. TEST DI TUTTI I MESSAGGI DI ERRORE","sessione mancante;","passed","Playwright mobile: loading held, disabled state, duplicate click, HTTP 201, confirmation; preview 9393a1aa","1.31.0"
"U0494","26. TEST DI TUTTI I MESSAGGI DI ERRORE","sessione scaduta;","pending","","1.31.0"
"U0495","26. TEST DI TUTTI I MESSAGGI DI ERRORE","dispositivo revocato;","pending","","1.31.0"
"U0496","26. TEST DI TUTTI I MESSAGGI DI ERRORE","profilo non collegato;","pending","","1.31.0"
"U0497","26. TEST DI TUTTI I MESSAGGI DI ERRORE","pubblicazione non autorizzata;","pending","","1.31.0"
"U0498","26. TEST DI TUTTI I MESSAGGI DI ERRORE","documento non autorizzato;","pending","","1.31.0"
"U0499","26. TEST DI TUTTI I MESSAGGI DI ERRORE","file troppo grande;","pending","","1.31.0"
"U0500","26. TEST DI TUTTI I MESSAGGI DI ERRORE","formato non supportato;","pending","","1.31.0"
"U0501","26. TEST DI TUTTI I MESSAGGI DI ERRORE","più di dieci allegati;","passed","Playwright mobile: undicesimo allegato rifiutato con messaggio preciso e i primi dieci conservati; preview b4f2cf13; 2026-08-04","1.31.0"
"U0502","26. TEST DI TUTTI I MESSAGGI DI ERRORE","posizione negata;","passed","Playwright mobile: permesso rimosso, messaggio comprensibile e nessuna richiesta al server; preview 20382a40; 2026-08-04","1.31.0"
"U0503","26. TEST DI TUTTI I MESSAGGI DI ERRORE","microfono negato;","pending","","1.31.0"
"U0504","26. TEST DI TUTTI I MESSAGGI DI ERRORE","fotocamera negata;","pending","","1.31.0"
"U0505","26. TEST DI TUTTI I MESSAGGI DI ERRORE","notifiche negate;","pending","","1.31.0"
"U0506","26. TEST DI TUTTI I MESSAGGI DI ERRORE","rete assente;","pending","","1.31.0"
"U0507","26. TEST DI TUTTI I MESSAGGI DI ERRORE","server non disponibile;","pending","","1.31.0"
"U0508","26. TEST DI TUTTI I MESSAGGI DI ERRORE","database non disponibile;","pending","","1.31.0"
"U0509","26. TEST DI TUTTI I MESSAGGI DI ERRORE","upload interrotto;","pending","","1.31.0"
"U0510","26. TEST DI TUTTI I MESSAGGI DI ERRORE","sincronizzazione fallita;","pending","","1.31.0"
"U0511","26. TEST DI TUTTI I MESSAGGI DI ERRORE","contenuto eliminato;","pending","","1.31.0"
"U0512","26. TEST DI TUTTI I MESSAGGI DI ERRORE","invito scaduto;","pending","","1.31.0"
"U0513","26. TEST DI TUTTI I MESSAGGI DI ERRORE","invito già utilizzato.","pending","","1.31.0"
"U0514","26. TEST DI TUTTI I MESSAGGI DI ERRORE","spiegare il problema;","pending","","1.31.0"
"U0515","26. TEST DI TUTTI I MESSAGGI DI ERRORE","indicare come risolverlo;","pending","","1.31.0"
"U0516","26. TEST DI TUTTI I MESSAGGI DI ERRORE","evitare codici tecnici incomprensibili;","pending","","1.31.0"
"U0517","26. TEST DI TUTTI I MESSAGGI DI ERRORE","non cancellare i dati inseriti;","pending","","1.31.0"
"U0518","26. TEST DI TUTTI I MESSAGGI DI ERRORE","offrire Riprova, quando possibile.","pending","","1.31.0"
"U0519","27. TEST DI RETE","Wi-Fi stabile.","pending","","1.31.0"
"U0520","27. TEST DI RETE","Dati mobili.","pending","","1.31.0"
"U0521","27. TEST DI RETE","Rete 3G.","pending","","1.31.0"
"U0522","27. TEST DI RETE","Rete lenta.","pending","","1.31.0"
"U0523","27. TEST DI RETE","Alta latenza.","pending","","1.31.0"
"U0524","27. TEST DI RETE","Perdita del 10% dei pacchetti.","pending","","1.31.0"
"U0525","27. TEST DI RETE","Modalità aereo.","pending","","1.31.0"
"U0526","27. TEST DI RETE","Cambio Wi-Fi/dati mobili.","pending","","1.31.0"
"U0527","27. TEST DI RETE","Rete interrotta al 25% dell’upload.","pending","","1.31.0"
"U0528","27. TEST DI RETE","Rete interrotta al 50%.","pending","","1.31.0"
"U0529","27. TEST DI RETE","Rete interrotta al 90%.","pending","","1.31.0"
"U0530","27. TEST DI RETE","bozza conservata;","pending","","1.31.0"
"U0531","27. TEST DI RETE","allegati conservati;","pending","","1.31.0"
"U0532","27. TEST DI RETE","ripresa dell’invio;","pending","","1.31.0"
"U0533","27. TEST DI RETE","nessuna duplicazione;","pending","","1.31.0"
"U0534","27. TEST DI RETE","messaggio di stato;","pending","","1.31.0"
"U0535","27. TEST DI RETE","possibilità di annullare;","pending","","1.31.0"
"U0536","27. TEST DI RETE","possibilità di riprovare.","pending","","1.31.0"
"U0537","28. TEST DI CHIUSURA E RIAPERTURA","chiudere la finestra;","pending","","1.31.0"
"U0538","28. TEST DI CHIUSURA E RIAPERTURA","chiudere forzatamente la PWA;","pending","","1.31.0"
"U0539","28. TEST DI CHIUSURA E RIAPERTURA","bloccare lo schermo;","pending","","1.31.0"
"U0540","28. TEST DI CHIUSURA E RIAPERTURA","cambiare applicazione;","pending","","1.31.0"
"U0541","28. TEST DI CHIUSURA E RIAPERTURA","riavviare il telefono.","pending","","1.31.0"
"U0542","28. TEST DI CHIUSURA E RIAPERTURA","scrittura post;","pending","","1.31.0"
"U0543","28. TEST DI CHIUSURA E RIAPERTURA","selezione allegati;","pending","","1.31.0"
"U0544","28. TEST DI CHIUSURA E RIAPERTURA","registrazione audio;","pending","","1.31.0"
"U0545","28. TEST DI CHIUSURA E RIAPERTURA","caricamento post;","pending","","1.31.0"
"U0546","28. TEST DI CHIUSURA E RIAPERTURA","commento;","pending","","1.31.0"
"U0547","28. TEST DI CHIUSURA E RIAPERTURA","caricamento documento;","pending","","1.31.0"
"U0548","28. TEST DI CHIUSURA E RIAPERTURA","sostituzione documento;","pending","","1.31.0"
"U0549","28. TEST DI CHIUSURA E RIAPERTURA","condivisione posizione;","pending","","1.31.0"
"U0550","28. TEST DI CHIUSURA E RIAPERTURA","aggiornamento dell’app.","pending","","1.31.0"
"U0551","28. TEST DI CHIUSURA E RIAPERTURA","nessuna perdita non comunicata;","pending","","1.31.0"
"U0552","28. TEST DI CHIUSURA E RIAPERTURA","nessuna duplicazione;","pending","","1.31.0"
"U0553","28. TEST DI CHIUSURA E RIAPERTURA","nessun pulsante bloccato;","pending","","1.31.0"
"U0554","28. TEST DI CHIUSURA E RIAPERTURA","recupero dello stato corretto.","pending","","1.31.0"
"U0555","29. TEST DI SINCRONIZZAZIONE TRA DUE TELEFONI","A pubblica, B riceve.","passed","Authenticated remote QA: 18/18 applicable; preview a018a091; 2026-08-04","1.31.0"
"U0556","29. TEST DI SINCRONIZZAZIONE TRA DUE TELEFONI","B commenta, A riceve.","passed","Authenticated remote QA: 18/18 applicable; preview a018a091; 2026-08-04","1.31.0"
"U0557","29. TEST DI SINCRONIZZAZIONE TRA DUE TELEFONI","A reagisce, B riceve.","passed","Authenticated remote QA: 18/18 applicable; preview a018a091; 2026-08-04","1.31.0"
"U0558","29. TEST DI SINCRONIZZAZIONE TRA DUE TELEFONI","A elimina il post, B lo vede scomparire.","passed","Authenticated remote QA: 18/18 applicable; preview a018a091; 2026-08-04","1.31.0"
"U0559","29. TEST DI SINCRONIZZAZIONE TRA DUE TELEFONI","B carica documento, Coordinatore vede aggiornamento.","pending","","1.31.0"
"U0560","29. TEST DI SINCRONIZZAZIONE TRA DUE TELEFONI","A condivide posizione, B vede marker.","pending","","1.31.0"
"U0561","29. TEST DI SINCRONIZZAZIONE TRA DUE TELEFONI","A cancella posizione, B vede scomparsa.","pending","","1.31.0"
"U0562","29. TEST DI SINCRONIZZAZIONE TRA DUE TELEFONI","A modifica profilo, B vede modifica.","pending","","1.31.0"
"U0563","29. TEST DI SINCRONIZZAZIONE TRA DUE TELEFONI","Coordinatore cambia ruolo, permessi aggiornati immediatamente.","passed","Playwright live role/revoke 1/1; preview a4b05356; 2026-08-04","1.31.0"
"U0564","29. TEST DI SINCRONIZZAZIONE TRA DUE TELEFONI","Coordinatore revoca A, A perde accesso immediatamente.","passed","Playwright live role/revoke 1/1; preview a4b05356; 2026-08-04","1.31.0"
"U0565","29. TEST DI SINCRONIZZAZIONE TRA DUE TELEFONI","nessun aggiornamento completo inutile;","pending","","1.31.0"
"U0566","29. TEST DI SINCRONIZZAZIONE TRA DUE TELEFONI","nessun salto della pagina;","pending","","1.31.0"
"U0567","29. TEST DI SINCRONIZZAZIONE TRA DUE TELEFONI","nessun dato duplicato;","passed","Authenticated remote QA: 18/18 applicable; preview a018a091; 2026-08-04","1.31.0"
"U0568","29. TEST DI SINCRONIZZAZIONE TRA DUE TELEFONI","nessun dato precedente ripristinato erroneamente.","pending","","1.31.0"
"U0569","30. TEST DI SICUREZZA DELLE RICHIESTE","Modificare profile_id.","passed","Authenticated remote QA: 18/18 applicable; preview a018a091; 2026-08-04","1.31.0"
"U0570","30. TEST DI SICUREZZA DELLE RICHIESTE","Modificare role.","pending","","1.31.0"
"U0571","30. TEST DI SICUREZZA DELLE RICHIESTE","Modificare author_name.","passed","Authenticated remote QA: 18/18 applicable; preview a018a091; 2026-08-04","1.31.0"
"U0572","30. TEST DI SICUREZZA DELLE RICHIESTE","Modificare day_index.","pending","","1.31.0"
"U0573","30. TEST DI SICUREZZA DELLE RICHIESTE","Modificare visibility.","pending","","1.31.0"
"U0574","30. TEST DI SICUREZZA DELLE RICHIESTE","Modificare document profile_id.","pending","","1.31.0"
"U0575","30. TEST DI SICUREZZA DELLE RICHIESTE","Modificare location profile_id.","pending","","1.31.0"
"U0576","30. TEST DI SICUREZZA DELLE RICHIESTE","Utilizzare token di un altro utente.","passed","Authenticated remote QA: 18/18 applicable; preview a018a091; 2026-08-04","1.31.0"
"U0577","30. TEST DI SICUREZZA DELLE RICHIESTE","Utilizzare token scaduto.","passed","Authenticated remote QA: 18/18 applicable; preview a018a091; 2026-08-04","1.31.0"
"U0578","30. TEST DI SICUREZZA DELLE RICHIESTE","Utilizzare token revocato.","pending","","1.31.0"
"U0579","30. TEST DI SICUREZZA DELLE RICHIESTE","Utilizzare soltanto password di gruppo contro endpoint personali.","pending","","1.31.0"
"U0580","30. TEST DI SICUREZZA DELLE RICHIESTE","Tentare accesso diretto ai documenti.","passed","Authenticated remote QA: 18/18 applicable; preview a018a091; 2026-08-04","1.31.0"
"U0581","30. TEST DI SICUREZZA DELLE RICHIESTE","Tentare eliminazione diretta di post altrui.","passed","Authenticated remote QA: 18/18 applicable; preview a018a091; 2026-08-04","1.31.0"
"U0582","30. TEST DI SICUREZZA DELLE RICHIESTE","Tentare modifica diretta di commenti altrui.","passed","Authenticated remote QA: 18/18 applicable; preview a018a091; 2026-08-04","1.31.0"
"U0583","30. TEST DI SICUREZZA DELLE RICHIESTE","401 o 403;","passed","Authenticated remote QA: 18/18 applicable; preview a018a091; 2026-08-04","1.31.0"
"U0584","30. TEST DI SICUREZZA DELLE RICHIESTE","nessuna modifica al database;","passed","Authenticated remote QA: 18/18 applicable; preview a018a091; 2026-08-04","1.31.0"
"U0585","30. TEST DI SICUREZZA DELLE RICHIESTE","nessun file creato;","pending","","1.31.0"
"U0586","30. TEST DI SICUREZZA DELLE RICHIESTE","nessuna notifica inviata;","pending","","1.31.0"
"U0587","30. TEST DI SICUREZZA DELLE RICHIESTE","evento registrato nel log.","pending","","1.31.0"
"U0588","31. CONTROLLO DATABASE DOPO OGNI OPERAZIONE","un solo record;","pending","","1.31.0"
"U0589","31. CONTROLLO DATABASE DOPO OGNI OPERAZIONE","autore corretto;","pending","","1.31.0"
"U0590","31. CONTROLLO DATABASE DOPO OGNI OPERAZIONE","profilo corretto;","pending","","1.31.0"
"U0591","31. CONTROLLO DATABASE DOPO OGNI OPERAZIONE","giornata corretta;","pending","","1.31.0"
"U0592","31. CONTROLLO DATABASE DOPO OGNI OPERAZIONE","visibilità corretta;","pending","","1.31.0"
"U0593","31. CONTROLLO DATABASE DOPO OGNI OPERAZIONE","coordinate corrette;","pending","","1.31.0"
"U0594","31. CONTROLLO DATABASE DOPO OGNI OPERAZIONE","allegati corretti.","pending","","1.31.0"
"U0595","31. CONTROLLO DATABASE DOPO OGNI OPERAZIONE","post corretto;","pending","","1.31.0"
"U0596","31. CONTROLLO DATABASE DOPO OGNI OPERAZIONE","autore corretto;","pending","","1.31.0"
"U0597","31. CONTROLLO DATABASE DOPO OGNI OPERAZIONE","profilo o ospite corretto;","pending","","1.31.0"
"U0598","31. CONTROLLO DATABASE DOPO OGNI OPERAZIONE","allegato corretto.","pending","","1.31.0"
"U0599","31. CONTROLLO DATABASE DOPO OGNI OPERAZIONE","profilo corretto;","pending","","1.31.0"
"U0600","31. CONTROLLO DATABASE DOPO OGNI OPERAZIONE","tipo corretto;","pending","","1.31.0"
"U0601","31. CONTROLLO DATABASE DOPO OGNI OPERAZIONE","file corretto;","pending","","1.31.0"
"U0602","31. CONTROLLO DATABASE DOPO OGNI OPERAZIONE","stato corretto;","pending","","1.31.0"
"U0603","31. CONTROLLO DATABASE DOPO OGNI OPERAZIONE","data corretta.","pending","","1.31.0"
"U0604","31. CONTROLLO DATABASE DOPO OGNI OPERAZIONE","profilo corretto;","pending","","1.31.0"
"U0605","31. CONTROLLO DATABASE DOPO OGNI OPERAZIONE","coordinate corrette;","pending","","1.31.0"
"U0606","31. CONTROLLO DATABASE DOPO OGNI OPERAZIONE","data server corretta;","pending","","1.31.0"
"U0607","31. CONTROLLO DATABASE DOPO OGNI OPERAZIONE","una sola posizione attiva per persona.","pending","","1.31.0"
"U0608","31. CONTROLLO DATABASE DOPO OGNI OPERAZIONE","nessun record orfano;","pending","","1.31.0"
"U0609","31. CONTROLLO DATABASE DOPO OGNI OPERAZIONE","nessun file orfano;","pending","","1.31.0"
"U0610","31. CONTROLLO DATABASE DOPO OGNI OPERAZIONE","nessun duplicato;","pending","","1.31.0"
"U0611","31. CONTROLLO DATABASE DOPO OGNI OPERAZIONE","nessun riferimento a file inesistente.","pending","","1.31.0"
"U0612","32. TEST COMPLETO DEL VISITATORE SENZA PASSWORD","Aprire il dominio.","pending","","1.31.0"
"U0613","32. TEST COMPLETO DEL VISITATORE SENZA PASSWORD","Visualizzare la Bacheca pubblica.","pending","","1.31.0"
"U0614","32. TEST COMPLETO DEL VISITATORE SENZA PASSWORD","Visualizzare l’itinerario.","pending","","1.31.0"
"U0615","32. TEST COMPLETO DEL VISITATORE SENZA PASSWORD","Visualizzare le mappe pubbliche.","pending","","1.31.0"
"U0616","32. TEST COMPLETO DEL VISITATORE SENZA PASSWORD","Aprire fotografie e video pubblici.","pending","","1.31.0"
"U0617","32. TEST COMPLETO DEL VISITATORE SENZA PASSWORD","Commentare, se consentito.","pending","","1.31.0"
"U0618","32. TEST COMPLETO DEL VISITATORE SENZA PASSWORD","Reagire, se consentito.","pending","","1.31.0"
"U0619","32. TEST COMPLETO DEL VISITATORE SENZA PASSWORD","Tentare di pubblicare.","pending","","1.31.0"
"U0620","32. TEST COMPLETO DEL VISITATORE SENZA PASSWORD","Tentare di aprire documenti.","pending","","1.31.0"
"U0621","32. TEST COMPLETO DEL VISITATORE SENZA PASSWORD","Tentare di vedere posizioni.","pending","","1.31.0"
"U0622","32. TEST COMPLETO DEL VISITATORE SENZA PASSWORD","Tentare di modificare un profilo.","passed","Playwright mobile people/roles 1/1; preview 64167f5a; 2026-08-04","1.31.0"
"U0623","32. TEST COMPLETO DEL VISITATORE SENZA PASSWORD","Tentare di creare un invito.","passed","Playwright mobile people/roles 1/1; preview 64167f5a; 2026-08-04","1.31.0"
"U0624","32. TEST COMPLETO DEL VISITATORE SENZA PASSWORD","Verificare che tutte le funzioni riservate siano bloccate.","pending","","1.31.0"
"U0625","33. TEST COMPLETO DEL FAMILIARE CON PASSWORD","Inserire password corretta.","pending","","1.31.0"
"U0626","33. TEST COMPLETO DEL FAMILIARE CON PASSWORD","Verificare ruolo effettivo.","pending","","1.31.0"
"U0627","33. TEST COMPLETO DEL FAMILIARE CON PASSWORD","Commentare.","pending","","1.31.0"
"U0628","33. TEST COMPLETO DEL FAMILIARE CON PASSWORD","Reagire.","pending","","1.31.0"
"U0629","33. TEST COMPLETO DEL FAMILIARE CON PASSWORD","Pubblicare testo, se consentito.","pending","","1.31.0"
"U0630","33. TEST COMPLETO DEL FAMILIARE CON PASSWORD","Pubblicare fotografia, se consentito.","pending","","1.31.0"
"U0631","33. TEST COMPLETO DEL FAMILIARE CON PASSWORD","Pubblicare video, se consentito.","pending","","1.31.0"
"U0632","33. TEST COMPLETO DEL FAMILIARE CON PASSWORD","Pubblicare audio, se consentito.","pending","","1.31.0"
"U0633","33. TEST COMPLETO DEL FAMILIARE CON PASSWORD","Verificare autore.","pending","","1.31.0"
"U0634","33. TEST COMPLETO DEL FAMILIARE CON PASSWORD","Tentare di scegliere un profilo esistente.","pending","","1.31.0"
"U0635","33. TEST COMPLETO DEL FAMILIARE CON PASSWORD","Tentare di aprire documenti.","pending","","1.31.0"
"U0636","33. TEST COMPLETO DEL FAMILIARE CON PASSWORD","Tentare di vedere posizioni.","pending","","1.31.0"
"U0637","33. TEST COMPLETO DEL FAMILIARE CON PASSWORD","Tentare di modificare ruoli.","pending","","1.31.0"
"U0638","33. TEST COMPLETO DEL FAMILIARE CON PASSWORD","Verificare limiti corretti.","pending","","1.31.0"
"U0639","34. TEST COMPLETO DEL VIAGGIATORE","Accesso tramite invito.","passed","Playwright mobile UI + HTTP 201 + production-smoke identity; preview 4bc152c6; 2026-08-04","1.31.0"
"U0640","34. TEST COMPLETO DEL VIAGGIATORE","Profilo corretto.","passed","Playwright mobile UI + HTTP 201 + production-smoke identity; preview 4bc152c6; 2026-08-04","1.31.0"
"U0641","34. TEST COMPLETO DEL VIAGGIATORE","Pubblicazione.","passed","Playwright mobile UI + HTTP 201 + production-smoke identity; preview 4bc152c6; 2026-08-04","1.31.0"
"U0642","34. TEST COMPLETO DEL VIAGGIATORE","Commento.","pending","","1.31.0"
"U0643","34. TEST COMPLETO DEL VIAGGIATORE","Reazione.","pending","","1.31.0"
"U0644","34. TEST COMPLETO DEL VIAGGIATORE","Modifica profilo proprio.","pending","","1.31.0"
"U0645","34. TEST COMPLETO DEL VIAGGIATORE","Documenti propri.","pending","","1.31.0"
"U0646","34. TEST COMPLETO DEL VIAGGIATORE","Posizione propria.","pending","","1.31.0"
"U0647","34. TEST COMPLETO DEL VIAGGIATORE","Notifiche.","pending","","1.31.0"
"U0648","34. TEST COMPLETO DEL VIAGGIATORE","Logout.","passed","Playwright same-device identity switch 5/5; preview 39b1fb83; 2026-08-04","1.31.0"
"U0649","34. TEST COMPLETO DEL VIAGGIATORE","Impossibilità di gestire altri utenti.","passed","Playwright mobile people/roles 1/1; preview 64167f5a; 2026-08-04","1.31.0"
"U0650","34. TEST COMPLETO DEL VIAGGIATORE","Impossibilità di vedere documenti altrui.","pending","","1.31.0"
"U0651","34. TEST COMPLETO DEL VIAGGIATORE","Impossibilità di diventare Coordinatore.","pending","","1.31.0"
"U0652","35. TEST COMPLETO DEL COORDINATORE","Accesso personale.","pending","","1.31.0"
"U0653","35. TEST COMPLETO DEL COORDINATORE","Creazione profilo.","passed","Playwright mobile people/roles 1/1; preview 64167f5a; 2026-08-04","1.31.0"
"U0654","35. TEST COMPLETO DEL COORDINATORE","Modifica profilo.","passed","Playwright mobile people/roles 1/1; preview 64167f5a; 2026-08-04","1.31.0"
"U0655","35. TEST COMPLETO DEL COORDINATORE","Gestione ruoli.","passed","Playwright mobile people/roles 1/1; preview 64167f5a; 2026-08-04","1.31.0"
"U0656","35. TEST COMPLETO DEL COORDINATORE","Creazione invito.","passed","Playwright mobile people/roles 1/1; preview 64167f5a; 2026-08-04","1.31.0"
"U0657","35. TEST COMPLETO DEL COORDINATORE","Copia invito.","pending","","1.31.0"
"U0658","35. TEST COMPLETO DEL COORDINATORE","Dashboard documenti.","pending","","1.31.0"
"U0659","35. TEST COMPLETO DEL COORDINATORE","Apertura documenti autorizzati.","pending","","1.31.0"
"U0660","35. TEST COMPLETO DEL COORDINATORE","Controllo posizioni.","pending","","1.31.0"
"U0661","35. TEST COMPLETO DEL COORDINATORE","Moderazione post.","pending","","1.31.0"
"U0662","35. TEST COMPLETO DEL COORDINATORE","Moderazione commenti.","pending","","1.31.0"
"U0663","35. TEST COMPLETO DEL COORDINATORE","Revoca dispositivi.","pending","","1.31.0"
"U0664","35. TEST COMPLETO DEL COORDINATORE","Controllo log.","pending","","1.31.0"
"U0665","35. TEST COMPLETO DEL COORDINATORE","Logout.","pending","","1.31.0"
"U0666","35. TEST COMPLETO DEL COORDINATORE","Verifica perdita dei privilegi dopo logout.","pending","","1.31.0"
"U0667","36. CRITERIO DI SUPERAMENTO PER OGNI PULSANTE","è visibile al ruolo corretto;","pending","","1.31.0"
"U0668","36. CRITERIO DI SUPERAMENTO PER OGNI PULSANTE","è nascosto o disabilitato per il ruolo non autorizzato;","pending","","1.31.0"
"U0669","36. CRITERIO DI SUPERAMENTO PER OGNI PULSANTE","ha un’etichetta comprensibile;","pending","","1.31.0"
"U0670","36. CRITERIO DI SUPERAMENTO PER OGNI PULSANTE","è facilmente premibile da telefono;","pending","","1.31.0"
"U0671","36. CRITERIO DI SUPERAMENTO PER OGNI PULSANTE","reagisce al primo tocco;","pending","","1.31.0"
"U0672","36. CRITERIO DI SUPERAMENTO PER OGNI PULSANTE","non reagisce due volte a un doppio tocco;","pending","","1.31.0"
"U0673","36. CRITERIO DI SUPERAMENTO PER OGNI PULSANTE","mostra stato di caricamento;","pending","","1.31.0"
"U0674","36. CRITERIO DI SUPERAMENTO PER OGNI PULSANTE","impedisce operazioni sovrapposte;","pending","","1.31.0"
"U0675","36. CRITERIO DI SUPERAMENTO PER OGNI PULSANTE","esegue realmente l’operazione server;","pending","","1.31.0"
"U0676","36. CRITERIO DI SUPERAMENTO PER OGNI PULSANTE","aggiorna il database;","pending","","1.31.0"
"U0677","36. CRITERIO DI SUPERAMENTO PER OGNI PULSANTE","aggiorna l’interfaccia;","pending","","1.31.0"
"U0678","36. CRITERIO DI SUPERAMENTO PER OGNI PULSANTE","aggiorna gli altri dispositivi;","pending","","1.31.0"
"U0679","36. CRITERIO DI SUPERAMENTO PER OGNI PULSANTE","mostra conferma;","pending","","1.31.0"
"U0680","36. CRITERIO DI SUPERAMENTO PER OGNI PULSANTE","gestisce l’errore;","pending","","1.31.0"
"U0681","36. CRITERIO DI SUPERAMENTO PER OGNI PULSANTE","permette di riprovare;","pending","","1.31.0"
"U0682","36. CRITERIO DI SUPERAMENTO PER OGNI PULSANTE","non perde dati;","pending","","1.31.0"
"U0683","36. CRITERIO DI SUPERAMENTO PER OGNI PULSANTE","non crea duplicati;","pending","","1.31.0"
"U0684","36. CRITERIO DI SUPERAMENTO PER OGNI PULSANTE","rispetta le autorizzazioni;","pending","","1.31.0"
"U0685","36. CRITERIO DI SUPERAMENTO PER OGNI PULSANTE","funziona dopo chiusura e riapertura;","pending","","1.31.0"
"U0686","36. CRITERIO DI SUPERAMENTO PER OGNI PULSANTE","funziona su iPhone e Android.","pending","","1.31.0"
"U0687","37. DIFETTI BLOCCANTI CHE IMPEDISCONO L’APPROVAZIONE","la password risulta corretta ma Pubblica restituisce errore;","pending","","1.31.0"
"U0688","37. DIFETTI BLOCCANTI CHE IMPEDISCONO L’APPROVAZIONE","il pulsante Pubblica viene mostrato a chi non può utilizzarlo;","pending","","1.31.0"
"U0689","37. DIFETTI BLOCCANTI CHE IMPEDISCONO L’APPROVAZIONE","un utente può pubblicare come un’altra persona;","passed","Authenticated remote QA: 18/18 applicable; preview a018a091; 2026-08-04","1.31.0"
"U0690","37. DIFETTI BLOCCANTI CHE IMPEDISCONO L’APPROVAZIONE","un Viaggiatore può vedere documenti altrui;","passed","Authenticated remote QA: 18/18 applicable; preview a018a091; 2026-08-04","1.31.0"
"U0691","37. DIFETTI BLOCCANTI CHE IMPEDISCONO L’APPROVAZIONE","un utente può diventare Coordinatore modificando la richiesta;","pending","","1.31.0"
"U0692","37. DIFETTI BLOCCANTI CHE IMPEDISCONO L’APPROVAZIONE","un post può essere duplicato;","passed","Authenticated remote QA: 18/18 applicable; preview a018a091; 2026-08-04","1.31.0"
"U0693","37. DIFETTI BLOCCANTI CHE IMPEDISCONO L’APPROVAZIONE","una bozza viene persa;","pending","","1.31.0"
"U0694","37. DIFETTI BLOCCANTI CHE IMPEDISCONO L’APPROVAZIONE","gli allegati vengono persi offline;","pending","","1.31.0"
"U0695","37. DIFETTI BLOCCANTI CHE IMPEDISCONO L’APPROVAZIONE","un upload interrotto non può riprendere;","passed","Authenticated remote QA: 18/18 applicable; preview a018a091; 2026-08-04","1.31.0"
"U0696","37. DIFETTI BLOCCANTI CHE IMPEDISCONO L’APPROVAZIONE","una posizione rimane visibile dopo la cancellazione;","pending","","1.31.0"
"U0697","37. DIFETTI BLOCCANTI CHE IMPEDISCONO L’APPROVAZIONE","una notifica mostra dati riservati;","pending","","1.31.0"
"U0698","37. DIFETTI BLOCCANTI CHE IMPEDISCONO L’APPROVAZIONE","un link privato è accessibile senza sessione;","passed","Authenticated remote QA: 18/18 applicable; preview a018a091; 2026-08-04","1.31.0"
"U0699","37. DIFETTI BLOCCANTI CHE IMPEDISCONO L’APPROVAZIONE","un pulsante non esegue realmente l’operazione;","pending","","1.31.0"
"U0700","37. DIFETTI BLOCCANTI CHE IMPEDISCONO L’APPROVAZIONE","frontend e server applicano regole differenti;","pending","","1.31.0"
"U0701","37. DIFETTI BLOCCANTI CHE IMPEDISCONO L’APPROVAZIONE","i dati non si aggiornano sugli altri telefoni;","passed","Authenticated remote QA: 18/18 applicable; preview a018a091; 2026-08-04","1.31.0"
"U0702","37. DIFETTI BLOCCANTI CHE IMPEDISCONO L’APPROVAZIONE","esistono file o record orfani;","pending","","1.31.0"
"U0703","37. DIFETTI BLOCCANTI CHE IMPEDISCONO L’APPROVAZIONE","l’applicazione non funziona con il computer del programmatore spento.","pending","","1.31.0"
"U0704","38. CONSEGNA OBBLIGATORIA DEL PROGRAMMATORE","versione esatta collaudata;","pending","","1.31.0"
"U0705","38. CONSEGNA OBBLIGATORIA DEL PROGRAMMATORE","commit esatto;","pending","","1.31.0"
"U0706","38. CONSEGNA OBBLIGATORIA DEL PROGRAMMATORE","URL Cloudflare;","pending","","1.31.0"
"U0707","38. CONSEGNA OBBLIGATORIA DEL PROGRAMMATORE","elenco dei file modificati;","pending","","1.31.0"
"U0708","38. CONSEGNA OBBLIGATORIA DEL PROGRAMMATORE","elenco degli errori corretti;","pending","","1.31.0"
"U0709","38. CONSEGNA OBBLIGATORIA DEL PROGRAMMATORE","conferma specifica della correzione del pulsante Pubblica;","pending","","1.31.0"
"U0710","38. CONSEGNA OBBLIGATORIA DEL PROGRAMMATORE","matrice dei ruoli;","pending","","1.31.0"
"U0711","38. CONSEGNA OBBLIGATORIA DEL PROGRAMMATORE","elenco di tutti i pulsanti testati;","pending","","1.31.0"
"U0712","38. CONSEGNA OBBLIGATORIA DEL PROGRAMMATORE","screenshot dei test;","pending","","1.31.0"
"U0713","38. CONSEGNA OBBLIGATORIA DEL PROGRAMMATORE","video dei percorsi completi;","pending","","1.31.0"
"U0714","38. CONSEGNA OBBLIGATORIA DEL PROGRAMMATORE","risposte HTTP;","pending","","1.31.0"
"U0715","38. CONSEGNA OBBLIGATORIA DEL PROGRAMMATORE","controlli database;","pending","","1.31.0"
"U0716","38. CONSEGNA OBBLIGATORIA DEL PROGRAMMATORE","test iPhone;","pending","","1.31.0"
"U0717","38. CONSEGNA OBBLIGATORIA DEL PROGRAMMATORE","test Android;","pending","","1.31.0"
"U0718","38. CONSEGNA OBBLIGATORIA DEL PROGRAMMATORE","test con password;","pending","","1.31.0"
"U0719","38. CONSEGNA OBBLIGATORIA DEL PROGRAMMATORE","test senza password;","pending","","1.31.0"
"U0720","38. CONSEGNA OBBLIGATORIA DEL PROGRAMMATORE","test come Familiare;","pending","","1.31.0"
"U0721","38. CONSEGNA OBBLIGATORIA DEL PROGRAMMATORE","test come Viaggiatore;","pending","","1.31.0"
"U0722","38. CONSEGNA OBBLIGATORIA DEL PROGRAMMATORE","test come Coordinatore;","pending","","1.31.0"
"U0723","38. CONSEGNA OBBLIGATORIA DEL PROGRAMMATORE","test con sessione scaduta;","pending","","1.31.0"
"U0724","38. CONSEGNA OBBLIGATORIA DEL PROGRAMMATORE","test con dispositivo revocato;","pending","","1.31.0"
"U0725","38. CONSEGNA OBBLIGATORIA DEL PROGRAMMATORE","test rete lenta;","pending","","1.31.0"
"U0726","38. CONSEGNA OBBLIGATORIA DEL PROGRAMMATORE","test offline;","pending","","1.31.0"
"U0727","38. CONSEGNA OBBLIGATORIA DEL PROGRAMMATORE","test multidispositivo;","passed","Suite combinata: social su tre telefoni, documenti e posizione su due telefoni, sync API autenticata; 12/12 scenari UI e 20/20 test server applicabili; 2026-08-04","1.31.0"
"U0728","38. CONSEGNA OBBLIGATORIA DEL PROGRAMMATORE","test anti-duplicazione;","pending","","1.31.0"
"U0729","38. CONSEGNA OBBLIGATORIA DEL PROGRAMMATORE","test backup e ripristino;","pending","","1.31.0"
"U0730","38. CONSEGNA OBBLIGATORIA DEL PROGRAMMATORE","elenco dei difetti ancora aperti.","pending","","1.31.0"
